MALAYAN MARITIME SERVICES INC.,,,,,,,,,,,,,,,,,,,,,
Dispatch Ticket For Billing,,,,,,,,,,,,,,,,,,,,,
"Date: June 26, 2026",,,,,,,,,,,,,,,,,,,,,
,,,,,,,,,,,,,,,,,,,,,
COS #,DISPATCH #,DATE,SERVICE,VOYAGE #,CUSTOMER,VESSEL,PORT,TERMINAL,DATE/TIME           LEFT,DATE/TIME           ARRIVED,# OF HOURS,RATE INDICATOR,D I S P A T C H,,,,B A F,,,,TOTAL BILL AMOUNT
,,,,,,,,,,,,,RATE,BILL AMOUNT,DISCOUNT,NET AMOUNT,RATE,BILL AMOUNT,DISCOUNT,NET AMOUNT,
,,,,,,,,,,,,,,,,,,,,,
,26160,10/01/2022,DOCKING,,,MT SAMAL ISLAND,,,10/01/2022 05:00,10/01/2022 05:50,0.83,Per Move," 35,000.00 ",    ,,    ,    ,    ,,    ,    
,26096,10/01/2022,DOCKING,,,MT SAMAL ISLAND,,,10/01/2022 05:00,10/01/2022 06:15,1.25,Per Move," 35,000.00 ",    ,,    ,    ,    ,,    ,    
,26161,10/01/2022,TENDING,,,MT SAMAL ISLAND,,,10/01/2022 05:50,10/01/2022 22:50,17.00,Per Move," 22,000.00 ",    ,,    ,    ,    ,,    ,    
,26098,10/01/2022,DOCKING,,,LPG DL ZINNIA,,,10/01/2022 19:30,10/01/2022 21:40,2.17,Per Move," 52,000.00 ",    ,,    ,    ,    ,,    ,    
,25956,10/01/2022,DOCKING,,,LPG DL ZINNIA,,,10/01/2022 20:40,10/01/2022 21:40,1.00,Per Move," 52,000.00 ",    ,,    ,    ,    ,,    ,    
,26097,10/01/2022,UNDOCKING,,,MT SAMAL ISLAND,,,10/01/2022 22:45,10/01/2022 23:35,0.83,Per Move," 35,000.00 ",    ,,    ,    ,    ,,    ,    
,26162,10/01/2022,UNDOCKING,,,MT SAMAL ISLAND,,,10/01/2022 22:50,10/01/2022 23:30,0.67,Per Move," 35,000.00 ",    ,,    ,    ,    ,,    ,    
,26099,10/02/2022,UNDOCKING,,,LPG DL ZINNIA,,,10/02/2022 11:45,10/02/2022 12:45,1.00,Per Move," 52,000.00 ",    ,,    ,    ,    ,,    ,    
,25957,10/02/2022,UNDOCKING,,,LPG DL ZINNIA,,,10/02/2022 11:55,10/02/2022 12:40,0.75,Per Move," 52,000.00 ",    ,,    ,    ,    ,,    ,    
,26100,10/03/2022,DOCKING,,,MT SAMAL ISLAND,,,10/03/2022 06:15,10/03/2022 07:45,1.50,Per Move," 35,000.00 ",    ,,    ,    ,    ,,    ,    
,26163,10/03/2022,DOCKING,,,MT SAMAL ISLAND,,,10/03/2022 06:20,10/03/2022 07:50,1.50,Per Move," 35,000.00 ",    ,,    ,    ,    ,,    ,    
,26164,10/03/2022,UNDOCKING,,,MT SAMAL ISLAND,,,10/03/2022 21:25,10/03/2022 23:25,2.00,Per Move," 35,000.00 ",    ,,    ,    ,    ,,    ,    
,26202,10/03/2022,UNDOCKING,,,MT SAMAL ISLAND,,,10/03/2022 21:25,10/03/2022 23:25,2.00,Per Move," 35,000.00 ",    ,,    ,    ,    ,,    ,    
,026204,10/06/2022,DOCKING,,,MT SAMAL ISLAND,,,10/06/2022 04:00,10/06/2022 05:30,1.50,Per Move," 35,000.00 ",    ,,    ,    ,    ,,    ,    
,26167,10/06/2022,DOCKING,,,MT SAMAL ISLAND,,,10/06/2022 04:05,10/06/2022 05:10,1.08,Per Move," 35,000.00 ",    ,,    ,    ,    ,,    ,    
,026166,10/06/2022,TENDING,,,MT SAMAL ISLAND,,,10/06/2022 05:10,10/06/2022 00:10,-5.00,Per Move," 22,000.00 ",    ,,    ,    ,    ,,    ,    
,026205,10/06/2022,UNDOCKING,,,MT SAMAL ISLAND,,,10/06/2022 23:30,10/06/2022 00:45,-22.75,Per Move," 35,000.00 ",    ,,    ,    ,    ,,    ,    
,26165,10/07/2022,UNDOCKING,,,MT SAMAL ISLAND,,,10/07/2022 00:10,10/07/2022 00:40,0.50,Per Move," 35,000.00 ",    ,,    ,    ,    ,,    ,    
,26168,10/07/2022,DOCKING,,,MT SAMAL ISLAND,,,10/07/2022 00:40,10/07/2022 01:30,0.83,Per Move," 35,000.00 ",    ,,    ,    ,    ,,    ,    
,26206,10/07/2022,DOCKING,,,MT SAMAL ISLAND,,,10/07/2022 00:45,10/07/2022 01:25,0.67,Per Move," 35,000.00 ",    ,,    ,    ,    ,,    ,    
,26207,10/08/2022,UNDOCKING,,,MT SAMAL ISLAND,,,10/08/2022 02:40,10/08/2022 03:55,1.25,Per Move," 35,000.00 ",    ,,    ,    ,    ,,    ,    
,26169,10/08/2022,UNDOCKING,,,MT SAMAL ISLAND,,,10/08/2022 02:50,10/08/2022 04:00,1.17,Per Move," 35,000.00 ",    ,,    ,    ,    ,,    ,    
,2903,10/13/2022,DOCKING,,INSULAR OIL CORPORATION,MT AVA,,,10/13/2022 07:20,10/13/2022 10:35,3.25,Per Move," 35,000.00 "," 35,000.00 ",," 35,000.00 "," 28,366.25 "," 28,366.25 ",," 28,366.25 "," 63,366.25 "
,2904,10/13/2022,DOCKING,,INSULAR OIL CORPORATION,MT AVA,,,10/13/2022 07:20,10/13/2022 10:35,3.25,Per Move," 35,000.00 "," 35,000.00 ",," 35,000.00 "," 28,366.25 "," 28,366.25 ",," 28,366.25 "," 63,366.25 "
,2906,10/14/2022,UNDOCKING,,INSULAR OIL CORPORATION,MT AVA,,,10/14/2022 07:00,10/14/2022 09:20,2.33,Per Move," 35,000.00 "," 35,000.00 ",," 35,000.00 "," 33,678.40 "," 33,678.40 ",," 33,678.40 "," 68,678.40 "
,2905,10/14/2022,UNDOCKING,,INSULAR OIL CORPORATION,MT AVA,,,10/14/2022 07:00,10/14/2022 09:20,2.33,Per Move," 35,000.00 "," 35,000.00 ",," 35,000.00 "," 33,678.40 "," 33,678.40 ",," 33,678.40 "," 68,678.40 "
,26222,10/19/2022,DOCKING,,,MT SAMAL ISLAND,,,10/19/2022 06:20,10/19/2022 07:50,1.50,Per Move,    ,    ,,    ,    ,    ,,    ,    
,26181,10/19/2022,DOCKING,,,MT SAMAL ISLAND,,,10/19/2022 06:25,10/19/2022 07:55,1.50,Per Move,    ,    ,,    ,    ,    ,,    ,    
,26223,10/20/2022,UNDOCKING,,,MT SAMAL ISLAND,,,10/20/2022 01:05,10/20/2022 02:05,1.00,Per Move,    ,    ,,    ,    ,    ,,    ,    
,26182,10/20/2022,UNDOCKING,,,MT SAMAL ISLAND,,,10/20/2022 01:15,10/20/2022 02:15,1.00,Per Move,    ,    ,,    ,    ,    ,,    ,    
,26183,10/20/2022,DOCKING,,,MT SAMAL ISLAND,,,10/20/2022 04:50,10/20/2022 05:35,0.75,Per Move,    ,    ,,    ,    ,    ,,    ,    
,26224,10/20/2022,DOCKING,,,MT SAMAL ISLAND,,,10/20/2022 04:50,10/20/2022 05:55,1.08,Per Move,    ,    ,,    ,    ,    ,,    ,    
,26184,10/20/2022,TENDING,,,MT SAMAL ISLAND,,,10/20/2022 05:35,10/20/2022 04:20,-1.25,Per Move," 22,000.00 ",    ,,    ,    ,    ,,    ,    
,26225,10/21/2022,UNDOCKING,,,MT SAMAL ISLAND,,,10/21/2022 03:45,10/21/2022 04:40,0.92,Per Move,    ,    ,,    ,    ,    ,,    ,    
,26185,10/21/2022,UNDOCKING,,,MT SAMAL ISLAND,,,10/21/2022 04:20,10/21/2022 04:55,0.58,Per Move,    ,    ,,    ,    ,    ,,    ,    
,25090,10/21/2022,DOCKING,,"WILHELMSEN-SMITH BELL SHIPPING, INC.",MT MARLIN AMETHYST,,,10/21/2022 05:45,10/21/2022 08:25,2.67,Per Move," 563,500.00 "," 563,500.00 ",," 563,500.00 ",    ,    ,,    ," 563,500.00 "
,26227,10/21/2022,DOCKING,,,MT SAMAL ISLAND,,,10/21/2022 07:50,10/21/2022 10:55,3.08,Per Move," 35,000.00 ",    ,,    ,    ,    ,,    ,    
,25969,10/21/2022,DOCKING,,,MT SAMAL ISLAND,,,10/21/2022 07:55,10/21/2022 10:40,2.75,Per Move," 35,000.00 ",    ,,    ,    ,    ,,    ,    
,26228,10/22/2022,UNDOCKING,,,MT SAMAL ISLAND,,,10/22/2022 03:35,10/22/2022 09:35,6.00,Per Move," 35,000.00 ",    ,,    ,    ,    ,,    ,    
,25970,10/22/2022,UNDOCKING,,,MT SAMAL ISLAND,,,10/22/2022 03:50,10/22/2022 09:30,5.67,Per Move," 35,000.00 ",    ,,    ,    ,    ,,    ,    
,25091,10/22/2022,UNDOCKING,,"WILHELMSEN-SMITH BELL SHIPPING, INC.",MT MARLIN AMETHYST,,,10/22/2022 11:20,10/22/2022 12:55,1.58,Per Move," 563,500.00 "," 563,500.00 ",," 563,500.00 ",    ,    ,,    ," 563,500.00 "
,19007,10/29/2024,DOCKING,,INSULAR OIL CORPORATION,MT CHELSEA ENDURANCE,CAGAYAN DE ORO,PETRO DE ORO CORP,10/29/2024 04:45,10/29/2024 06:25,1.67,Per Move," 35,000.00 "," 35,000.00 ",," 35,000.00 "," 32,263.25 "," 32,263.25 ",," 32,263.25 "," 67,263.25 "
,17992,10/29/2024,DOCKING,,INSULAR OIL CORPORATION,MT CHELSEA ENDURANCE,CAGAYAN DE ORO,PETRO DE ORO CORP,10/29/2024 05:25,10/29/2024 06:10,0.75,Per Move," 35,000.00 "," 35,000.00 ",," 35,000.00 "," 32,263.25 "," 32,263.25 ",," 32,263.25 "," 67,263.25 "
,16799,10/29/2024,DOCKING,,INSULAR OIL CORPORATION,MT ESPADA,LEYTE,VISPET,10/29/2024 08:15,10/29/2024 11:03,2.80,Per Move," 45,000.00 "," 45,000.00 ",," 45,000.00 ",    ,    ,,    ," 45,000.00 "
,31315,10/29/2024,DOCKING,,OMS SHIPPING SERVICES AND LOGISTICS INC.,MV TUAN DUNG 36,DAVAO,KUDOS,10/29/2024 14:30,10/29/2024 16:05,1.58,Per Move," 30,000.00 "," 30,000.00 ",," 30,000.00 ",    ,    ,,    ," 30,000.00 "
,16802,10/30/2024,UNDOCKING,,INSULAR OIL CORPORATION,MT ESPADA,LEYTE,VISPET,10/30/2024 10:40,10/30/2024 11:25,0.75,Per Move," 45,000.00 "," 45,000.00 ",," 45,000.00 ",    ,    ,,    ," 45,000.00 "
,18918,10/30/2024,UNDOCKING,,INSULAR OIL CORPORATION,MT CHELSEA ENDURANCE,CAGAYAN DE ORO,PETRO DE ORO CORP,10/30/2024 14:04,10/30/2024 14:23,0.32,Per Move," 35,000.00 "," 35,000.00 ",," 35,000.00 "," 32,263.25 "," 32,263.25 ",," 32,263.25 "," 67,263.25 "
000173,31715,11/05/2024,DOCKING,,GAC PHILIPPINES INC,MT LUCKY MAY,DAVAO,INSULAR OIL,11/05/2024 11:30,11/05/2024 14:15,2.75,Per Hour," 45,000.00 "," 123,750.00 ",," 123,750.00 "," 12,508.50 "," 34,398.38 ",," 34,398.38 "," 158,148.38 "
000173,31773,11/05/2024,DOCKING,,GAC PHILIPPINES INC,MT LUCKY MAY,DAVAO,INSULAR OIL,11/05/2024 11:30,11/05/2024 13:55,2.42,Per Hour," 45,000.00 "," 108,900.00 ",," 108,900.00 "," 12,508.50 "," 30,270.57 ",," 30,270.57 "," 139,170.57 "
000173,31350,11/05/2024,DOCKING,,GAC PHILIPPINES INC,MT LUCKY MAY,DAVAO,INSULAR OIL,11/05/2024 11:30,11/05/2024 14:00,2.50,Per Hour," 45,000.00 "," 112,500.00 ",," 112,500.00 "," 12,508.50 "," 31,271.25 ",," 31,271.25 "," 143,771.25 "
000173,31716,11/05/2024,TENDING,,GAC PHILIPPINES INC,MT LUCKY MAY,DAVAO,INSULAR OIL,11/05/2024 14:15,11/07/2024 00:50,34.58,Per Hour," 22,000.00 "," 760,760.00 ",," 760,760.00 ", 327.45 ," 11,323.22 ",," 11,323.22 "," 772,083.22 "
000173,31349,11/06/2024,TENDING,,GAC PHILIPPINES INC,MT LUCKY MAY,DAVAO,INSULAR OIL,11/06/2024 01:55,11/07/2024 12:55,35.00,Per Hour," 22,000.00 "," 770,000.00 ",," 770,000.00 ", 327.45 ," 11,460.75 ",," 11,460.75 "," 781,460.75 "
000173,31774,11/07/2024,UNDOCKING,,GAC PHILIPPINES INC,MT LUCKY MAY,DAVAO,INSULAR OIL,11/07/2024 00:40,11/07/2024 01:45,1.08,Per Hour," 45,000.00 "," 48,600.00 ",," 48,600.00 "," 12,508.50 "," 13,509.18 ",," 13,509.18 "," 62,109.18 "
000173,31801,11/07/2024,UNDOCKING,,GAC PHILIPPINES INC,MT LUCKY MAY,DAVAO,INSULAR OIL,11/07/2024 00:45,11/07/2024 01:50,1.08,Per Hour," 45,000.00 "," 48,600.00 ",," 48,600.00 "," 12,508.50 "," 13,509.18 ",," 13,509.18 "," 62,109.18 "
000173,31717,11/07/2024,UNDOCKING,,GAC PHILIPPINES INC,MT LUCKY MAY,DAVAO,INSULAR OIL,11/07/2024 00:50,11/07/2024 01:50,1.00,Per Hour," 45,000.00 "," 45,000.00 ",," 45,000.00 "," 12,508.50 "," 12,508.50 ",," 12,508.50 "," 57,508.50 "
000188,31777,11/07/2024,UNDOCKING,,INSULAR OIL CORPORATION,MT AVA,DAVAO,INSULAR OIL,11/07/2024 17:05,11/07/2024 17:45,0.67,Per Move," 35,000.00 "," 35,000.00 ",," 35,000.00 ",    ,    ,,    ," 35,000.00 "
000181,31778,11/08/2024,DOCKING,,GAC PHILIPPINES INC,MT GRAND ACE 6,DAVAO,INSULAR OIL,11/08/2024 05:15,11/08/2024 08:25,3.17,Per Hour," 45,000.00 "," 142,650.00 ",," 142,650.00 "," 12,508.50 "," 39,651.95 ",," 39,651.95 "," 182,301.95 "
000181,31721,11/08/2024,DOCKING,,GAC PHILIPPINES INC,MT GRAND ACE 6,DAVAO,INSULAR OIL,11/08/2024 05:15,11/08/2024 08:30,3.25,Per Hour," 45,000.00 "," 146,250.00 ",," 146,250.00 "," 12,508.50 "," 40,652.63 ",," 40,652.63 "," 186,902.63 "
000181,31807,11/08/2024,DOCKING,,GAC PHILIPPINES INC,MT GRAND ACE 6,DAVAO,INSULAR OIL,11/08/2024 05:35,11/08/2024 08:10,2.58,Per Hour," 45,000.00 "," 116,100.00 ",," 116,100.00 "," 12,508.50 "," 32,271.93 ",," 32,271.93 "," 148,371.93 "
000181,31811,11/08/2024,TENDING,,GAC PHILIPPINES INC,MT GRAND ACE 6,DAVAO,INSULAR OIL,11/08/2024 08:05,11/09/2024 06:40,22.58,Per Hour," 22,000.00 "," 496,760.00 ",," 496,760.00 ", 327.45 ," 7,393.82 ",," 7,393.82 "," 504,153.82 "
000181,31780,11/08/2024,TENDING,,GAC PHILIPPINES INC,MT GRAND ACE 6,DAVAO,INSULAR OIL,11/08/2024 08:10,11/09/2024 06:30,22.33,Per Hour," 22,000.00 "," 491,260.00 ",," 491,260.00 ", 327.45 ," 7,311.96 ",," 7,311.96 "," 498,571.96 "
000183,1680006686,11/08/2024,DOCKING,,FOUR DRAGONS SHIPPING SERVICES,MT PYXIS KARTERIA,SUBIC,PPC TERMINAL,11/08/2024 11:40,11/08/2024 14:30,2.83,Per Hour," 35,000.00 "," 99,050.00 ",," 99,050.00 "," 12,018.70 "," 34,012.92 ",," 34,012.92 "," 133,062.92 "
000183,1680006573,11/08/2024,DOCKING,,FOUR DRAGONS SHIPPING SERVICES,MT PYXIS KARTERIA,SUBIC,PPC TERMINAL,11/08/2024 11:55,11/08/2024 14:25,2.50,Per Hour," 35,000.00 "," 87,500.00 ",," 87,500.00 "," 12,018.70 "," 30,046.75 ",," 30,046.75 "," 117,546.75 "
000181,31779,11/09/2024,UNDOCKING,,GAC PHILIPPINES INC,MT GRAND ACE 6,DAVAO,INSULAR OIL,11/09/2024 05:40,11/09/2024 07:40,2.00,Per Hour," 45,000.00 "," 90,000.00 ",," 90,000.00 "," 12,508.50 "," 25,017.00 ",," 25,017.00 "," 115,017.00 "
000181,31808,11/09/2024,UNDOCKING,,GAC PHILIPPINES INC,MT GRAND ACE 6,DAVAO,INSULAR OIL,11/09/2024 06:30,11/09/2024 07:25,0.92,Per Hour," 45,000.00 "," 45,000.00 ",," 45,000.00 "," 12,508.50 "," 12,508.50 ",," 12,508.50 "," 57,508.50 "
000181,31722,11/09/2024,UNDOCKING,,INSULAR OIL CORPORATION,MT GRAND ACE 6,DAVAO,INSULAR OIL,11/09/2024 06:40,11/09/2024 07:30,0.83,Per Hour," 45,000.00 "," 45,000.00 ",," 45,000.00 "," 12,508.50 "," 12,508.50 ",," 12,508.50 "," 57,508.50 "
000183,1860000465,11/09/2024,UNDOCKING,,FOUR DRAGONS SHIPPING SERVICES,MT PYXIS KARTERIA,SUBIC,PPC TERMINAL,11/09/2024 12:20,11/09/2024 13:45,1.42,Per Hour," 35,000.00 "," 49,700.00 ",," 49,700.00 "," 12,018.70 "," 17,066.55 ",," 17,066.55 "," 66,766.55 "
000183,1860000464,11/09/2024,UNDOCKING,,FOUR DRAGONS SHIPPING SERVICES,MT PYXIS KARTERIA,SUBIC,PPC TERMINAL,11/09/2024 12:30,11/09/2024 13:45,1.25,Per Hour," 35,000.00 "," 43,750.00 ",," 43,750.00 "," 12,018.70 "," 15,023.38 ",," 15,023.38 "," 58,773.38 "
,10800004905,12/04/2024,DOCKING,,FOUR DRAGONS SHIPPING SERVICES,MT PYXIS KARTERIA,SUBIC,COASTAL,11/09/2024 13:45,11/09/2024 15:15,1.50,Per Hour," 12,018.70 "," 18,028.05 ",," 18,028.05 ",    ,    ,,    ," 18,028.05 "
,12700003231,12/04/2024,DOCKING,,FOUR DRAGONS SHIPPING SERVICES,MT PYXIS KARTERIA,SUBIC,COASTAL,11/09/2024 13:45,11/09/2024 15:15,1.50,Per Hour," 12,018.70 "," 18,028.05 ",," 18,028.05 ",    ,    ,,    ," 18,028.05 "
000189,31819,11/11/2024,DOCKING,,INSULAR OIL CORPORATION,MT AVA,DAVAO,SRDC SASA,11/11/2024 05:50,11/11/2024 07:10,1.33,Per Move," 35,000.00 "," 35,000.00 ",," 35,000.00 ",    ,    ,,    ," 35,000.00 "
000189,31789,11/11/2024,DOCKING,,INSULAR OIL CORPORATION,MT AVA,DAVAO,SRDC SASA,11/11/2024 05:50,11/11/2024 07:15,1.42,Per Move," 35,000.00 "," 35,000.00 ",," 35,000.00 ",    ,    ,,    ," 35,000.00 "
,3116,11/11/2024,UNDOCKING,,INSULAR OIL CORPORATION,MT CHELSEA ENDURANCE,CEBU,SPEC PITALO,11/11/2024 12:15,11/11/2024 13:40,1.42,Per Move," 90,000.00 "," 90,000.00 ",," 90,000.00 ",    ,    ,,    ," 90,000.00 "
000189,31792,11/12/2024,UNDOCKING,,INSULAR OIL CORPORATION,MT AVA,DAVAO,SRDC SASA,11/12/2024 03:25,11/12/2024 04:20,0.92,Per Move," 35,000.00 "," 35,000.00 ",," 35,000.00 ",    ,    ,,    ," 35,000.00 "
000189,31823,11/12/2024,UNDOCKING,,INSULAR OIL CORPORATION,MT AVA,DAVAO,SRDC SASA,11/12/2024 03:30,11/12/2024 04:25,0.92,Per Move," 35,000.00 "," 35,000.00 ",," 35,000.00 ",    ,    ,,    ," 35,000.00 "
,305381,11/20/2024,MOORING,,HERMA SHIPPING AND TRANSPORT CORPORATION,MT MALINGAP,BATANGAS,SRDC,11/13/2024 15:30,11/13/2024 17:15,1.75,Per Move," 6,250.00 "," 6,250.00 ",," 6,250.00 ",    ,    ,,    ," 6,250.00 "
,305391,11/20/2024,UNMOORING,,HERMA SHIPPING AND TRANSPORT CORPORATION,MT MALINGAP,BATANGAS,SRDC,11/14/2024 16:55,11/14/2024 18:50,1.92,Per Move," 6,250.00 "," 6,250.00 ",," 6,250.00 ",    ,    ,,    ," 6,250.00 "
000318,31128,12/19/2024,TENDING,,FOUR DRAGONS SHIPPING SERVICES,MT DIAMOND EXPRESS,CEBU,SPEC PITALO,12/19/2024 08:45,12/20/2024 11:00,26.25,Per Move," 40,000.00 "," 40,000.00 ",," 40,000.00 ",    ,    ,,    ," 40,000.00 "
000318,31013,12/19/2024,TENDING,,FOUR DRAGONS SHIPPING SERVICES,MT DIAMOND EXPRESS,CEBU,SPEC PITALO,12/19/2024 08:50,12/20/2024 11:00,26.17,Per Move," 40,000.00 "," 40,000.00 ",," 40,000.00 ",    ,    ,,    ," 40,000.00 "
000391,32663,01/28/2025,UNDOCKING,,SHARPORT FERRY SERVICES,MT SAMPOW PALM,DAVAO,KTC,01/28/2025 14:00,01/28/2025 16:55,2.92,Per Move," 60,205.50 "," 60,205.50 ",," 60,205.50 ",    ,    ,,    ," 60,205.50 "
,0005601M/U,07/01/2025,MOORING,,INSULAR OIL CORPORATION,MT CHELSEA ENDURANCE,SURIGAO,CORALES DEPOT,02/14/2025 14:00,02/16/2025 09:00,43.00,Per Move," 40,000.00 "," 40,000.00 ",," 40,000.00 ",    ,    ,,    ," 40,000.00 "
000396,32639,02/21/2025,WATERING,,BEN LINE AGENCIES PHILS INC,MT JAG POOJA,DAVAO,INSULAR OIL,02/21/2025 16:40,02/21/2025 17:05,0.42,Per Move," 160,800.00 "," 160,800.00 ",," 160,800.00 ",    ,    ,,    ," 160,800.00 "
,0005454M/U,07/01/2025,MOORING,,WINDBAY SHIPPING AND LOGISTICS INC.,MT KOURION,SURIGAO,CORALES DEPOT,03/12/2025 13:00,03/14/2025 10:00,45.00,Per Move," 80,000.00 "," 80,000.00 ",," 80,000.00 ",    ,    ,,    ," 80,000.00 "
000000,33260,03/14/2025,DOCKING,,SITE RESOURCES DEVELOPMENT CORPORATION,MT MARINGAL,DAVAO,SRDC SASA,03/14/2025 05:40,03/14/2025 08:00,2.33,Per Move," 35,000.00 "," 35,000.00 ",," 35,000.00 ",    ,    ,,    ," 35,000.00 "
000000,32133,10/25/2025,BOARDING FORM,,BEN LINE AGENCIES PHILS INC,MT SILVER DUBAI,LEYTE,VISPET,10/25/2025 08:15,10/25/2025 10:10,1.92,Per Move," 50,000.00 "," 50,000.00 ",," 50,000.00 ",    ,    ,,    ," 50,000.00 "
,260304M,03/11/2026,MOORING,,SITE RESOURCES DEVELOPMENT CORPORATION,MT MARINGAL,BATANGAS,SRDC,03/11/2026 00:55,03/11/2026 03:00,2.08,Per Move," 6,250.00 "," 6,250.00 ",," 6,250.00 ",    ,    ,,    ," 6,250.00 "
,260304U,03/12/2026,UNMOORING,,SITE RESOURCES DEVELOPMENT CORPORATION,MT MARINGAL,BATANGAS,SRDC,03/12/2026 03:25,03/12/2026 05:03,1.63,Per Move," 6,250.00 "," 6,250.00 ",," 6,250.00 ",    ,    ,,    ," 6,250.00 "
,260306M,03/15/2026,MOORING,,SITE RESOURCES DEVELOPMENT CORPORATION,MT PANGLAO ISLAND,BATANGAS,SRDC,03/15/2026 20:30,03/15/2026 21:38,1.13,Per Move," 6,250.00 "," 6,250.00 ",," 6,250.00 ",    ,    ,,    ," 6,250.00 "
,6243M,03/16/2026,MOORING,,INSULAR OIL CORPORATION,MT CHELSEA ENDURANCE,CEBU,SPEC PITALO,03/16/2026 07:15,03/17/2026 11:15,28.00,Per Move," 16,800.00 "," 16,800.00 ",," 16,800.00 ",    ,    ,,    ," 16,800.00 "
,6243U,03/17/2026,UNMOORING,,INSULAR OIL CORPORATION,MT CHELSEA ENDURANCE,CEBU,SPEC PITALO,03/16/2026 07:15,03/17/2026 11:15,28.00,Per Move," 16,800.00 "," 16,800.00 ",," 16,800.00 ",    ,    ,,    ," 16,800.00 "
,260306U,03/16/2026,UNMOORING,,SITE RESOURCES DEVELOPMENT CORPORATION,MT PANGLAO ISLAND,BATANGAS,SRDC,03/16/2026 20:45,03/16/2026 22:25,1.67,Per Move," 6,250.00 "," 6,250.00 ",," 6,250.00 ",    ,    ,,    ," 6,250.00 "
,260307M,03/17/2026,MOORING,,SITE RESOURCES DEVELOPMENT CORPORATION,MT MARINGAL,BATANGAS,SRDC,03/17/2026 09:15,03/17/2026 11:00,1.75,Per Move," 6,250.00 "," 6,250.00 ",," 6,250.00 ",    ,    ,,    ," 6,250.00 "
000000,26547-A,03/18/2026,DOCKING,,INSULAR OIL CORPORATION,MT JEWEL FAITH,CAGAYAN DE ORO,PETRO DE ORO CORP,03/18/2026 06:40,03/18/2026 07:10,0.50,Per Move," 30,000.00 "," 30,000.00 ",," 30,000.00 "," 16,852.50 "," 16,852.50 ",," 16,852.50 "," 46,852.50 "
,6312M,03/18/2026,MOORING,,INSULAR OIL CORPORATION,MT JEWEL FAITH,CAGAYAN DE ORO,PETRO DE ORO CORP,03/18/2026 08:00,03/18/2026 10:15,2.25,Per Move," 11,000.00 "," 11,000.00 ",," 11,000.00 ",    ,    ,,    ," 11,000.00 "
,6319U,03/18/2026,UNMOORING,,INSULAR OIL CORPORATION,MT JEWEL FAITH,CAGAYAN DE ORO,PETRO DE ORO CORP,03/18/2026 08:00,03/18/2026 10:15,2.25,Per Move," 11,000.00 "," 11,000.00 ",," 11,000.00 ",    ,    ,,    ," 11,000.00 "
,260307U,03/18/2026,UNMOORING,,SITE RESOURCES DEVELOPMENT CORPORATION,MT MARINGAL,BATANGAS,SRDC,03/18/2026 20:30,03/18/2026 21:35,1.08,Per Move," 6,250.00 "," 6,250.00 ",," 6,250.00 ",    ,    ,,    ," 6,250.00 "
000000,37231-A,03/19/2026,DOCKING,,PHIL-CEB MARINE SERVICES INC.,LCT FUTURE 02,DAVAO,SASA PORT,03/19/2026 13:00,03/19/2026 14:45,1.75,Per Move," 16,000.00 "," 16,000.00 ",," 16,000.00 "," 16,825.00 "," 29,443.75 ",," 29,443.75 "," 45,443.75 "
000000,37232-A,03/19/2026,UNDOCKING,,PHIL-CEB MARINE SERVICES INC.,LCT FUTURE 02,DAVAO,SASA PORT,03/19/2026 19:10,03/19/2026 21:10,2.00,Per Move," 16,000.00 "," 16,000.00 ",," 16,000.00 "," 16,825.00 "," 33,650.00 ",," 33,650.00 "," 49,650.00 "
,260308M,03/20/2026,MOORING,,SITE RESOURCES DEVELOPMENT CORPORATION,MT PANGLAO ISLAND,BATANGAS,SRDC,03/20/2026 23:40,03/21/2026 00:48,1.13,Per Move," 6,250.00 "," 6,250.00 ",," 6,250.00 ",    ,    ,,    ," 6,250.00 "
,260308U,03/22/2026,UNMOORING,,SITE RESOURCES DEVELOPMENT CORPORATION,MT PANGLAO ISLAND,BATANGAS,SRDC,03/22/2026 01:32,03/22/2026 02:02,0.50,Per Move," 6,250.00 "," 6,250.00 ",," 6,250.00 ",    ,    ,,    ," 6,250.00 "
,6247M,03/23/2026,MOORING,,INSULAR OIL CORPORATION,MT CHELSEA ENDURANCE,CEBU,SPEC PITALO,03/23/2026 16:00,03/24/2026 17:30,25.50,Per Move," 16,800.00 "," 16,800.00 ",," 16,800.00 ",    ,    ,,    ," 16,800.00 "
,6247U,03/24/2026,UNMOORING,,INSULAR OIL CORPORATION,MT CHELSEA ENDURANCE,CEBU,SPEC PITALO,03/23/2026 16:00,03/24/2026 17:30,25.50,Per Move," 16,800.00 "," 16,800.00 ",," 16,800.00 ",    ,    ,,    ," 16,800.00 "
,260309M,03/24/2026,MOORING,,SITE RESOURCES DEVELOPMENT CORPORATION,MT PANGLAO ISLAND,BATANGAS,SRDC,03/24/2026 16:05,03/24/2026 18:02,1.95,Per Move," 6,250.00 "," 6,250.00 ",," 6,250.00 ",    ,    ,,    ," 6,250.00 "
,260309U,03/25/2026,UNMOORING,,SITE RESOURCES DEVELOPMENT CORPORATION,MT PANGLAO ISLAND,BATANGAS,SRDC,03/25/2026 14:05,03/25/2026 15:35,1.50,Per Move," 6,250.00 "," 6,250.00 ",," 6,250.00 ",    ,    ,,    ," 6,250.00 "
,260310M,03/28/2026,MOORING,,SITE RESOURCES DEVELOPMENT CORPORATION,MT PANGLAO ISLAND,BATANGAS,SRDC,03/28/2026 02:36,03/28/2026 03:42,1.10,Per Move," 6,250.00 "," 6,250.00 ",," 6,250.00 ",    ,    ,,    ," 6,250.00 "
,260310U,03/29/2026,UNMOORING,,SITE RESOURCES DEVELOPMENT CORPORATION,MT PANGLAO ISLAND,BATANGAS,SRDC,03/29/2026 01:45,03/29/2026 02:56,1.18,Per Move," 6,250.00 "," 6,250.00 ",," 6,250.00 ",    ,    ,,    ," 6,250.00 "
,260311M,03/30/2026,MOORING,,SITE RESOURCES DEVELOPMENT CORPORATION,MT MARINGAL,BATANGAS,SRDC,03/30/2026 19:20,03/30/2026 21:05,1.75,Per Move," 6,250.00 "," 6,250.00 ",," 6,250.00 ",    ,    ,,    ," 6,250.00 "
,260311U,03/30/2026,UNMOORING,,SITE RESOURCES DEVELOPMENT CORPORATION,MT MARINGAL,BATANGAS,SRDC,03/31/2026 14:50,03/31/2026 16:25,1.58,Per Move," 6,250.00 "," 6,250.00 ",," 6,250.00 ",    ,    ,,    ," 6,250.00 "
,260312M,04/05/2026,MOORING,,SITE RESOURCES DEVELOPMENT CORPORATION,MT MARINGAL,BATANGAS,SRDC,04/04/2026 23:55,04/05/2026 01:40,1.75,Per Move," 8,000.00 "," 8,000.00 ",," 8,000.00 ",    ,    ,,    ," 8,000.00 "
000000,26535-A,04/05/2026,DOCKING,,INSULAR OIL CORPORATION,MT BULUSAN II,BATANGAS,FLC CALACA,04/05/2026 04:15,04/05/2026 05:35,1.33,Per Move," 102,000.00 "," 102,000.00 ",," 102,000.00 "," 25,525.50 "," 33,948.92 ",," 33,948.92 "," 135,948.92 "
000000,26536-A,04/05/2026,DOCKING,,INSULAR OIL CORPORATION,MT BULUSAN II,BATANGAS,FLC CALACA,04/05/2026 04:20,04/05/2026 05:50,1.50,Per Move," 102,000.00 "," 102,000.00 ",," 102,000.00 "," 25,525.50 "," 38,288.25 ",," 38,288.25 "," 140,288.25 "
000000,26537-B,04/05/2026,UNDOCKING,,INSULAR OIL CORPORATION,MT BULUSAN II,BATANGAS,FLC CALACA,04/05/2026 20:40,04/05/2026 21:00,0.33,Per Move," 102,000.00 "," 102,000.00 ",," 102,000.00 "," 25,525.50 "," 25,525.50 ",," 25,525.50 "," 127,525.50 "
,260312U,04/06/2026,UNMOORING,,SITE RESOURCES DEVELOPMENT CORPORATION,MT MARINGAL,BATANGAS,SRDC,04/06/2026 00:50,04/06/2026 02:10,1.33,Per Move," 8,000.00 "," 8,000.00 ",," 8,000.00 ",    ,    ,,    ," 8,000.00 "
,260313M,04/17/2026,MOORING,,SITE RESOURCES DEVELOPMENT CORPORATION,MT PANGLAO ISLAND,BATANGAS,SRDC,04/17/2026 18:10,04/17/2026 20:05,1.92,Per Move," 8,000.00 "," 8,000.00 ",," 8,000.00 ",    ,    ,,    ," 8,000.00 "
,260313U,04/18/2026,UNMOORING,,SITE RESOURCES DEVELOPMENT CORPORATION,MT PANGLAO ISLAND,BATANGAS,SRDC,04/18/2026 17:05,04/18/2026 17:40,0.58,Per Move," 8,000.00 "," 8,000.00 ",," 8,000.00 ",    ,    ,,    ," 8,000.00 "
,260314M,04/22/2026,MOORING,,SITE RESOURCES DEVELOPMENT CORPORATION,MT MARINGAL,BATANGAS,SRDC,04/22/2026 13:20,04/22/2026 15:32,2.20,Per Move," 8,000.00 "," 8,000.00 ",," 8,000.00 ",    ,    ,,    ," 8,000.00 "
,260314U,04/23/2026,UNMOORING,,SITE RESOURCES DEVELOPMENT CORPORATION,MT MARINGAL,BATANGAS,SRDC,04/23/2026 04:30,04/23/2026 05:45,1.25,Per Move," 8,000.00 "," 8,000.00 ",," 8,000.00 ",    ,    ,,    ," 8,000.00 "
,5000034-A,05/13/2026,DOCKING,,"MAR-SHIPS AGENCY, INC.",MT HIGH TRADER,SUBIC,COASTAL,05/13/2026 00:00,05/13/2026 02:00,2.00,Per Hour,    ,    ,,    ," 28,792.80 "," 57,585.60 ",," 57,585.60 "," 57,585.60 "
,1080004301-A,05/13/2026,DOCKING,,"MAR-SHIPS AGENCY, INC.",MT HIGH TRADER,SUBIC,COASTAL,05/13/2026 00:05,05/13/2026 02:00,1.92,Per Hour,    ,    ,,    ," 28,792.80 "," 55,282.18 ",," 55,282.18 "," 55,282.18 "
,1740006497-A,05/14/2026,UNDOCKING,,"MAR-SHIPS AGENCY, INC.",MT HIGH TRADER,SUBIC,COASTAL,05/14/2026 10:25,05/14/2026 11:35,1.17,Per Hour,    ,    ,,    ," 28,792.80 "," 33,687.58 ",," 33,687.58 "," 33,687.58 "
,1270004767-A,05/14/2026,UNDOCKING,,"MAR-SHIPS AGENCY, INC.",MT HIGH TRADER,SUBIC,COASTAL,05/14/2026 10:25,05/14/2026 11:35,1.17,Per Hour,    ,    ,,    ," 28,792.80 "," 33,687.58 ",," 33,687.58 "," 33,687.58 "
,35437,05/15/2026,DOCKING,,"MAR-SHIPS AGENCY, INC.",MT HIGH TRADER,BATANGAS,SINISIAN LEMERY BATANGAS PORT,05/15/2026 20:25,05/15/2026 23:00,2.58,Per Move," 350,000.00 "," 350,000.00 ",," 350,000.00 "," 9,467.50 "," 9,467.50 ",," 9,467.50 "," 359,467.50 "
,35528,05/16/2026,UNDOCKING,,"MAR-SHIPS AGENCY, INC.",MT HIGH TRADER,BATANGAS,SINISIAN LEMERY BATANGAS PORT,05/16/2026 12:35,05/16/2026 14:00,1.42,Per Move," 350,000.00 "," 350,000.00 ",," 350,000.00 "," 9,467.50 "," 9,467.50 ",," 9,467.50 "," 359,467.50 "
,35712,05/17/2026,DOCKING,,VIA MARINE CORPORATION,MT CALLY,BATANGAS,CHEVRON,05/17/2026 11:05,05/17/2026 13:10,2.08,Per Move," 145,972.96 "," 145,972.96 ",," 145,972.96 ",    ,    ,,    ," 145,972.96 "
,26-0321M,05/17/2026,MOORING,,VIA MARINE CORPORATION,MT CALLY,BATANGAS,CHEVRON,05/17/2026 11:05,05/17/2026 13:10,2.08,Per Move," 8,960.00 "," 8,960.00 ",," 8,960.00 ",    ,    ,,    ," 8,960.00 "
,35711,05/18/2026,UNDOCKING,,VIA MARINE CORPORATION,MT CALLY,BATANGAS,CHEVRON,05/18/2026 05:10,05/18/2026 07:05,1.92,Per Move," 145,972.96 "," 145,972.96 ",," 145,972.96 ",    ,    ,,    ," 145,972.96 "
,26-0321U,05/18/2026,UNMOORING,,VIA MARINE CORPORATION,MT CALLY,BATANGAS,CHEVRON,05/18/2026 05:10,05/18/2026 07:05,1.92,Per Move," 8,960.00 "," 8,960.00 ",," 8,960.00 ",    ,    ,,    ," 8,960.00 "
,2026-14M,06/13/2026,MOORING,,SITE RESOURCES DEVELOPMENT CORPORATION,MT PANGLAO ISLAND,CEBU,SRDC LAPU LAPU,06/13/2026 05:42,06/14/2026 01:00,19.30,Per Move," 8,000.00 "," 8,000.00 ",," 8,000.00 ",    ,    ,,    ," 8,000.00 "
,2026-14U,06/14/2026,UNMOORING,,SITE RESOURCES DEVELOPMENT CORPORATION,MT PANGLAO ISLAND,CEBU,SRDC LAPU LAPU,06/13/2026 05:42,06/14/2026 01:00,19.30,Per Move," 8,000.00 "," 8,000.00 ",," 8,000.00 ",    ,    ,,    ," 8,000.00 "
,2026-15U,06/16/2026,UNMOORING,,SITE RESOURCES DEVELOPMENT CORPORATION,MT PANGLAO ISLAND,CEBU,SRDC LAPU LAPU,06/15/2026 11:54,06/16/2026 02:00,14.10,Per Move," 8,000.00 "," 8,000.00 ",," 8,000.00 ",    ,    ,,    ," 8,000.00 "
,,,,,,,,,,,,TOTAL,," 7,809,257.52 ",," 7,809,257.52 ",," 1,029,482.83 ",," 1,029,482.83 "," 8,838,740.35 "
,,,,,,,,,,,,,,,,,,,,,
