MALAYAN MARITIME SERVICES INC.,,,,,,,,,,,,,,,,,,,,,,,,,,,,,,,,,,
Dispatch Ticket Summary,,,,,,,,,,,,,,,,,,,,,,,,,,,,,,,,,,
Period: June 2026,,,,,,,,,,,,,,,,,,,,,,,,,,,,,,,,,,
,,,,,,,,,,,,,,,,,,,,,,,,,,,,,,,,,,
COS #,DISPATCH #,DATE,SERVICE,VOYAGE #,CUSTOMER,VESSEL,PORT,TERMINAL,DATE/TIME           LEFT,DATE/TIME           ARRIVED,# OF HOURS,RATE INDICATOR,D I S P A T C H,,,,B A F,,,,TOTAL BILL AMOUNT,B I L L I N G,,,,,,,C O L L E C T I O N,,,,,
,,,,,,,,,,,,,RATE,BILL AMOUNT,DISCOUNT,NET AMOUNT,RATE,BILL AMOUNT,DISCOUNT,NET AMOUNT,,BILL #,DATE,DISPATCH,,B A F,,AP OTHER TUG,CR NUMBER,CHECK NUMBER,CHECK DATE,DATE DEPOSITED,AMOUNT PER DISPATCH,2307 PER DISPATCH
,,,,,,,,,,,,,,,,,,,,,,,,RATE,AMOUNT,RATE,AMOUNT,,,,,,,
,37667,06/01/2026,UNDOCKING,,SMC SHIPPING AND LIGHTERAGE CORPORATION,SL TINDALO,DAVAO,PETRON SASA,06/01/2026 01:00,06/01/2026 01:35,0.58,Per Move," 50,000.00 "," 50,000.00 ",," 50,000.00 "," 11,140.50 "," 11,140.50 ",," 11,140.50 "," 61,140.50 ",1687,05/31/2026," 50,000.00 "," 50,000.00 "," 11,140.50 "," 11,140.50 ",    ,,,,,    ,    
,37543,06/01/2026,UNDOCKING,,SMC SHIPPING AND LIGHTERAGE CORPORATION,SL TINDALO,DAVAO,PETRON SASA,06/01/2026 01:10,06/01/2026 01:35,0.42,Per Move," 50,000.00 "," 50,000.00 ",," 50,000.00 "," 11,140.50 "," 11,140.50 ",," 11,140.50 "," 61,140.50 ",1687,05/31/2026," 50,000.00 "," 50,000.00 "," 11,140.50 "," 11,140.50 ",    ,,,,,    ,    
,36831,06/25/2026,DOCKING,,WILLY ONG DIZON,MT COSTICA,SURIGAO,CORALES DEPOT,06/01/2026 09:00,06/01/2026 10:00,1.00,Per Move," 350,000.00 "," 350,000.00 ",," 350,000.00 ",    ,    ,,    ," 350,000.00 ",1834,06/25/2026," 350,000.00 "," 350,000.00 ",    ,    ,    ,,,,,    ,    
,36831-a,06/01/2026,DOCKING,,INSULAR OIL CORPORATION,MT COSTICA,SURIGAO,CORALES DEPOT,06/01/2026 09:00,06/01/2026 10:00,1.00,Per Move,    ,    ,,    ,    ,    ,,    ,    ,,,    ,    ,    ,    ,    ,,,,,    ,    
,26-6393M,06/25/2026,MOORING,,WILLY ONG DIZON,MT COSTICA,SURIGAO,CORALES DEPOT,06/01/2026 09:00,06/01/2026 10:00,1.00,Per Move," 20,000.00 "," 20,000.00 ",," 20,000.00 ",    ,    ,,    ," 20,000.00 ",1834,06/25/2026," 20,000.00 "," 20,000.00 ",    ,    ,    ,,,,,    ,    
,36831-M,06/01/2026,MOORING,,INSULAR OIL CORPORATION,MT COSTICA,SURIGAO,CORALES DEPOT,06/01/2026 09:00,06/01/2026 10:00,1.00,Per Move,    ,    ,,    ,    ,    ,,    ,    ,,," 20,000.00 "," 20,000.00 ",    ,    ,    ,,,,,    ,    
,37291,06/01/2026,UNDOCKING,010,ISLAS TANKERS SEATRANSPORT CORP.,LPG/C PURE GRACE,DAVAO,SHEL SASA,06/01/2026 12:55,06/01/2026 13:55,1.00,Per Move," 30,000.00 "," 30,000.00 ",," 30,000.00 "," 32,770.10 "," 32,770.10 ",," 32,770.10 "," 62,770.10 ",1839,06/26/2026," 30,000.00 "," 30,000.00 "," 32,770.10 "," 32,770.10 ",    ,,,,,    ,    
,34506,06/01/2026,UNDOCKING,010,ISLAS TANKERS SEATRANSPORT CORP.,LPG/C PURE GRACE,DAVAO,SHEL SASA,06/01/2026 13:05,06/01/2026 13:50,0.75,Per Move," 30,000.00 "," 30,000.00 ",," 30,000.00 "," 32,770.10 "," 32,770.10 ",," 32,770.10 "," 62,770.10 ",1839,06/26/2026," 30,000.00 "," 30,000.00 "," 32,770.10 "," 32,770.10 ",    ,,,,,    ,    
,35546,06/01/2026,FERRY SERVICE,,"WILHELMSEN-SMITH BELL SHIPPING, INC.",MV CAROLYN,BATANGAS,BATANGAS PORT,06/01/2026 14:30,06/01/2026 16:15,1.75,Per Move," 50,000.00 "," 50,000.00 ",," 50,000.00 "," 11,140.50 "," 19,495.88 ",," 19,495.88 "," 69,495.88 ",B000601,06/22/2026," 50,000.00 "," 50,000.00 "," 11,140.50 "," 19,495.88 ",    ,,,,,    ,    
,34821-A,06/01/2026,DOCKING,963,SITE RESOURCES DEVELOPMENT CORPORATION,MT PANGLAO ISLAND,CEBU,SRDC LAPU LAPU,06/01/2026 18:30,06/01/2026 20:00,1.50,Per Move," 35,000.00 "," 35,000.00 ",," 35,000.00 "," 11,140.50 "," 16,710.75 ",," 16,710.75 "," 51,710.75 ",1794,06/13/2026," 35,000.00 "," 35,000.00 "," 11,140.50 "," 16,710.75 ",    ,,,,,    ,    
,34822-A,06/01/2026,DOCKING,963,SITE RESOURCES DEVELOPMENT CORPORATION,MT PANGLAO ISLAND,CEBU,SRDC LAPU LAPU,06/01/2026 18:30,06/01/2026 20:00,1.50,Per Move," 35,000.00 "," 35,000.00 ",," 35,000.00 "," 11,140.50 "," 16,710.75 ",," 16,710.75 "," 51,710.75 ",1794,06/13/2026," 35,000.00 "," 35,000.00 "," 11,140.50 "," 16,710.75 ",    ,,,,,    ,    
,2026-13M,06/01/2026,MOORING,963,SITE RESOURCES DEVELOPMENT CORPORATION,MT PANGLAO ISLAND,CEBU,SRDC LAPU LAPU,06/01/2026 19:27,06/02/2026 05:53,10.43,Per Move," 8,000.00 "," 8,000.00 ",," 8,000.00 ",    ,    ,,    ," 8,000.00 ",1794,06/13/2026," 8,000.00 "," 8,000.00 ",    ,    ,    ,,,,,    ,    
,2026-13U,06/02/2026,UNMOORING,963,SITE RESOURCES DEVELOPMENT CORPORATION,MT PANGLAO ISLAND,CEBU,SRDC LAPU LAPU,06/01/2026 19:27,06/02/2026 05:53,10.43,Per Move," 8,000.00 "," 8,000.00 ",," 8,000.00 ",    ,    ,,    ," 8,000.00 ",1794,06/13/2026," 8,000.00 "," 8,000.00 ",    ,    ,    ,,,,,    ,    
,34823-A,06/02/2026,UNDOCKING,963,SITE RESOURCES DEVELOPMENT CORPORATION,MT PANGLAO ISLAND,CEBU,SRDC LAPU LAPU,06/02/2026 05:30,06/02/2026 06:30,1.00,Per Move," 35,000.00 "," 35,000.00 ",," 35,000.00 "," 7,899.50 "," 7,899.50 ",," 7,899.50 "," 42,899.50 ",1794,06/13/2026," 35,000.00 "," 35,000.00 "," 7,899.50 "," 7,899.50 ",    ,,,,,    ,    
,34824-A,06/02/2026,UNDOCKING,963,SITE RESOURCES DEVELOPMENT CORPORATION,MT PANGLAO ISLAND,CEBU,SRDC LAPU LAPU,06/02/2026 05:30,06/02/2026 06:30,1.00,Per Move," 35,000.00 "," 35,000.00 ",," 35,000.00 "," 7,899.50 "," 7,899.50 ",," 7,899.50 "," 42,899.50 ",1794,06/13/2026," 35,000.00 "," 35,000.00 "," 7,899.50 "," 7,899.50 ",    ,,,,,    ,    
,37544,06/02/2026,DOCKING,,WINDBAY SHIPPING AND LOGISTICS INC.,PACIFIC APEX,DAVAO,SOUTHERN CONCRETE INDUSTRY INC,06/02/2026 05:50,06/02/2026 13:50,8.00,Per Move," 275,000.00 "," 275,000.00 ",," 275,000.00 "," 7,899.50 "," 63,196.00 ",," 63,196.00 "," 338,196.00 ",B000592,06/11/2026," 275,000.00 "," 275,000.00 "," 7,899.50 "," 63,196.00 ",    ,,,,,    ,    
,34508-A,06/02/2026,DOCKING,,WINDBAY SHIPPING AND LOGISTICS INC.,PACIFIC APEX,DAVAO,SOUTHERN CONCRETE INDUSTRY INC,06/02/2026 05:50,06/02/2026 13:25,7.58,Per Move," 275,000.00 "," 275,000.00 ",," 275,000.00 "," 7,899.50 "," 59,878.21 ",," 59,878.21 "," 334,878.21 ",B000592,06/11/2026," 275,000.00 "," 275,000.00 "," 7,899.50 "," 59,878.21 ",    ,,,,,    ,    
,37704,06/02/2026,DOCKING,,WINDBAY SHIPPING AND LOGISTICS INC.,PACIFIC APEX,DAVAO,SOUTHERN CONCRETE INDUSTRY INC,06/02/2026 06:00,06/02/2026 13:50,7.83,Per Move," 275,000.00 "," 275,000.00 ",," 275,000.00 "," 7,899.50 "," 61,853.09 ",," 61,853.09 "," 336,853.09 ",B000592,06/11/2026," 275,000.00 "," 275,000.00 "," 7,899.50 "," 61,853.09 ",    ,,,,,    ,    
,37292,06/03/2026,DOCKING,,PHIL-CEB MARINE SERVICES INC.,MV PEARL ORIENT,DAVAO,SASA PORT,06/03/2026 13:10,06/03/2026 15:55,2.75,Per Move," 16,000.00 "," 16,000.00 ",," 16,000.00 "," 7,899.50 "," 21,723.63 ",," 21,723.63 "," 37,723.63 ",1692,06/10/2026," 16,000.00 "," 16,000.00 "," 7,899.50 "," 21,723.63 ",    ,,,,,    ,    
,34504,06/03/2026,DOCKING,,PHIL-CEB MARINE SERVICES INC.,MV PEARL ORIENT,DAVAO,SASA PORT,06/03/2026 13:10,06/03/2026 16:00,2.83,Per Move," 16,000.00 "," 16,000.00 ",," 16,000.00 "," 7,899.50 "," 22,355.59 ",," 22,355.59 "," 38,355.59 ",1692,06/10/2026," 16,000.00 "," 16,000.00 "," 7,899.50 "," 22,355.59 ",    ,,,,,    ,    
,35547,06/03/2026,DOCKING,110,VIA MARINE CORPORATION,MT CALLY,BATANGAS,CHEVRON,06/03/2026 21:15,06/03/2026 23:15,2.00,Per Hour," 39,200.00 "," 78,400.00 ",," 78,400.00 "," 32,218.48 "," 64,436.96 ",," 64,436.96 "," 142,836.96 ",1808,06/17/2026," 39,200.00 "," 78,400.00 "," 32,218.48 "," 64,436.96 ",    ,,,,,    ,    
,26-0330M,06/03/2026,MOORING,110,VIA MARINE CORPORATION,MT CALLY,BATANGAS,CHEVRON,06/03/2026 21:15,06/03/2026 23:15,2.00,Per Move," 8,960.00 "," 8,960.00 ",," 8,960.00 ",    ,    ,,    ," 8,960.00 ",1808,06/17/2026," 8,960.00 "," 8,960.00 ",    ,    ,    ,,,,,    ,    
,35548,06/04/2026,DOCKING,139,ESGUERRA SHIPPING CORPORATION,MT MAGINOO,BATANGAS,PETRON MABINI,06/04/2026 02:05,06/04/2026 05:05,3.00,Per Move," 121,520.00 "," 121,520.00 ",," 121,520.00 "," 7,899.50 "," 23,698.50 ",," 23,698.50 "," 145,218.50 ",1829,06/24/2026," 121,520.00 "," 121,520.00 "," 7,899.50 "," 23,698.50 ",    ,,,,,    ,    
,34509,06/04/2026,UNDOCKING,,PHIL-CEB MARINE SERVICES INC.,MV PEARL ORIENT,DAVAO,SASA PORT,06/04/2026 07:35,06/04/2026 08:25,0.83,Per Move," 16,000.00 "," 16,000.00 ",," 16,000.00 "," 7,899.50 "," 7,899.50 ",," 7,899.50 "," 23,899.50 ",1692,06/10/2026," 16,000.00 "," 16,000.00 "," 7,899.50 "," 7,899.50 ",    ,,,,,    ,    
,37293,06/04/2026,UNDOCKING,,PHIL-CEB MARINE SERVICES INC.,MV PEARL ORIENT,DAVAO,SASA PORT,06/04/2026 07:35,06/04/2026 08:25,0.83,Per Move," 16,000.00 "," 16,000.00 ",," 16,000.00 "," 7,899.50 "," 7,899.50 ",," 7,899.50 "," 23,899.50 ",1692,06/10/2026," 16,000.00 "," 16,000.00 "," 7,899.50 "," 7,899.50 ",    ,,,,,    ,    
,37294,06/04/2026,DOCKING,,PHILHUA SHIPPING INC,MV GOLDEN NOBLE,DAVAO,SASA PORT,06/04/2026 11:40,06/04/2026 12:55,1.25,Per Move," 60,000.00 "," 60,000.00 ",," 60,000.00 ",    ,    ,,    ," 60,000.00 ",B000591,06/10/2026," 60,000.00 "," 60,000.00 ",    ,    ,    ,,,,,    ,    
,37668,06/04/2026,DOCKING,,PHILHUA SHIPPING INC,MV GOLDEN NOBLE,DAVAO,SASA PORT,06/04/2026 11:40,06/04/2026 12:50,1.17,Per Move," 60,000.00 "," 60,000.00 ",," 60,000.00 ",    ,    ,,    ," 60,000.00 ",B000591,06/10/2026," 60,000.00 "," 60,000.00 ",    ,    ,    ,,,,,    ,    
,37296,06/04/2026,DOCKING,,SMC SHIPPING AND LIGHTERAGE CORPORATION,SL MOLAVE,DAVAO,PETRON SASA,06/04/2026 15:00,06/04/2026 15:55,0.92,Per Move," 50,000.00 "," 50,000.00 ",," 50,000.00 "," 7,899.50 "," 7,899.50 ",," 7,899.50 "," 57,899.50 ",1691,06/17/2026," 50,000.00 "," 50,000.00 "," 7,899.50 "," 7,899.50 ",    ,,,,,    ,    
,37670,06/04/2026,DOCKING,,SMC SHIPPING AND LIGHTERAGE CORPORATION,SL MOLAVE,DAVAO,PETRON SASA,06/04/2026 15:00,06/04/2026 15:50,0.83,Per Move," 50,000.00 "," 50,000.00 ",," 50,000.00 "," 7,899.50 "," 7,899.50 ",," 7,899.50 "," 57,899.50 ",1691,06/17/2026," 50,000.00 "," 50,000.00 "," 7,899.50 "," 7,899.50 ",    ,,,,,    ,    
,37297,06/04/2026,DOCKING,,BEN LINE AGENCIES PHILS INC,MV GATE GOLD,DAVAO,KTC,06/04/2026 20:35,06/04/2026 23:50,3.25,Per Move," 75,000.00 "," 75,000.00 ",," 75,000.00 "," 7,899.50 "," 25,673.38 ",," 25,673.38 "," 100,673.38 ",1827,06/22/2026," 75,000.00 "," 75,000.00 "," 7,899.50 "," 25,673.38 ",    ,,,,,    ,    
,37672,06/04/2026,DOCKING,,BEN LINE AGENCIES PHILS INC,MV GATE GOLD,DAVAO,KTC,06/04/2026 20:40,06/04/2026 23:40,3.00,Per Move," 75,000.00 "," 75,000.00 ",," 75,000.00 "," 7,899.50 "," 23,698.50 ",," 23,698.50 "," 98,698.50 ",1827,06/22/2026," 75,000.00 "," 75,000.00 "," 7,899.50 "," 23,698.50 ",    ,,,,,    ,    
,26-0330U,06/04/2026,UNMOORING,110,VIA MARINE CORPORATION,MT CALLY,BATANGAS,CHEVRON,06/04/2026 21:35,06/04/2026 22:41,1.10,Per Move," 8,960.00 "," 8,960.00 ",," 8,960.00 ",    ,    ,,    ," 8,960.00 ",1808,06/17/2026," 8,960.00 "," 8,960.00 ",    ,    ,    ,,,,,    ,    
,35550,06/04/2026,UNDOCKING,110,VIA MARINE CORPORATION,MT CALLY,BATANGAS,CHEVRON,06/04/2026 21:35,06/04/2026 22:41,1.10,Per Hour," 39,200.00 "," 43,120.00 ",," 43,120.00 "," 32,218.48 "," 35,440.33 ",," 35,440.33 "," 78,560.33 ",1808,06/17/2026," 39,200.00 "," 43,120.00 "," 32,218.48 "," 35,440.33 ",    ,,,,,    ,    
,35549,06/24/2026,UNDOCKING,139,ESGUERRA SHIPPING CORPORATION,MT MAGINOO,BATANGAS,PETRON MABINI,06/04/2026 22:41,06/05/2026 00:45,2.07,Per Move," 121,520.00 "," 121,520.00 ",," 121,520.00 "," 7,899.50 "," 16,351.97 ",," 16,351.97 "," 137,871.97 ",1829,06/24/2026," 121,520.00 "," 121,520.00 "," 7,899.50 "," 16,351.97 ",    ,,,,,    ,    
,35737,06/05/2026,DOCKING,07,VIA MARINE CORPORATION,MT VERONICA 2,BATANGAS,CHEVRON,06/05/2026 01:40,06/05/2026 03:25,1.75,Per Hour," 39,200.00 "," 68,600.00 ",," 68,600.00 "," 32,218.48 "," 56,382.34 ",," 56,382.34 "," 124,982.34 ",1811,06/17/2026," 39,200.00 "," 68,600.00 "," 32,218.48 "," 56,382.34 ",    ,,,,,    ,    
,26-0331M,06/05/2026,MOORING,07,VIA MARINE CORPORATION,MT VERONICA 2,BATANGAS,CHEVRON,06/05/2026 01:40,06/05/2026 03:25,1.75,Per Move," 8,960.00 "," 8,960.00 ",," 8,960.00 ",    ,    ,,    ," 8,960.00 ",1811,06/17/2026," 8,960.00 "," 8,960.00 ",    ,    ,    ,,,,,    ,    
,0006330- M,06/20/2026,MOORING,401,INSULAR OIL CORPORATION,MT AVA,CAGAYAN DE ORO,PETRO DE ORO CORP,06/05/2026 08:50,06/05/2026 09:45,0.92,Per Move," 12,500.00 "," 12,500.00 ",," 12,500.00 ",    ,    ,,    ," 12,500.00 ",1826,06/20/2026," 12,500.00 "," 12,500.00 ",    ,    ,    ,,,,,    ,    
,29974-A,06/05/2026,DOCKING,401,INSULAR OIL CORPORATION,MT AVA,CAGAYAN DE ORO,PETRO DE ORO CORP,06/05/2026 08:50,06/05/2026 09:45,0.92,Per Move," 62,105.50 "," 62,105.50 ",," 62,105.50 "," 7,899.50 "," 7,899.50 ",," 7,899.50 "," 70,005.00 ",1826,06/20/2026," 62,105.50 "," 62,105.50 "," 7,899.50 "," 7,899.50 ",    ,,,,,    ,    
,29933-A,06/05/2026,DOCKING,401,INSULAR OIL CORPORATION,MT AVA,CAGAYAN DE ORO,PETRO DE ORO CORP,06/05/2026 08:50,06/05/2026 09:45,0.92,Per Move," 62,105.50 "," 62,105.50 ",," 62,105.50 "," 7,899.50 "," 7,899.50 ",," 7,899.50 "," 70,005.00 ",1826,06/20/2026," 62,105.50 "," 62,105.50 "," 7,899.50 "," 7,899.50 ",    ,,,,,    ,    
,37546,06/05/2026,DOCKING,,PHIL-CEB MARINE SERVICES INC.,MV SAN RAFAEL DOS,DAVAO,SASA PORT,06/05/2026 08:55,06/05/2026 11:05,2.17,Per Move," 16,000.00 "," 16,000.00 ",," 16,000.00 "," 7,899.50 "," 17,141.92 ",," 17,141.92 "," 33,141.92 ",1693,06/10/2026," 16,000.00 "," 16,000.00 "," 7,899.50 "," 17,141.92 ",    ,,,,,    ,    
,37706,06/05/2026,DOCKING,,PHIL-CEB MARINE SERVICES INC.,MV SAN RAFAEL DOS,DAVAO,SASA PORT,06/05/2026 09:00,06/05/2026 11:05,2.08,Per Move," 16,000.00 "," 16,000.00 ",," 16,000.00 "," 7,899.50 "," 16,430.96 ",," 16,430.96 "," 32,430.96 ",1693,06/10/2026," 16,000.00 "," 16,000.00 "," 7,899.50 "," 16,430.96 ",    ,,,,,    ,    
,37708,06/05/2026,UNDOCKING,,SMC SHIPPING AND LIGHTERAGE CORPORATION,SL MOLAVE,DAVAO,PETRON SASA,06/05/2026 11:10,06/05/2026 12:00,0.83,Per Move," 50,000.00 "," 50,000.00 ",," 50,000.00 "," 7,899.50 "," 7,899.50 ",," 7,899.50 "," 57,899.50 ",1691,06/17/2026," 50,000.00 "," 50,000.00 "," 7,899.50 "," 7,899.50 ",    ,,,,,    ,    
,36828,06/05/2026,BOARDING FORM,,"MAR-SHIPS AGENCY, INC.",MT HUI HANG 11,LEYTE,VISPET,06/05/2026 11:15,06/05/2026 13:15,2.00,Per Move," 50,000.00 "," 50,000.00 ",," 50,000.00 ",    ,    ,,    ," 50,000.00 ",B000594,06/15/2026," 50,000.00 "," 50,000.00 ",    ,    ,    ,,,,,    ,    
,37299,06/05/2026,UNDOCKING,,SMC SHIPPING AND LIGHTERAGE CORPORATION,SL MOLAVE,DAVAO,PETRON SASA,06/05/2026 11:15,06/05/2026 12:00,0.75,Per Move," 50,000.00 "," 50,000.00 ",," 50,000.00 "," 7,899.50 "," 7,899.50 ",," 7,899.50 "," 57,899.50 ",1691,06/17/2026," 50,000.00 "," 50,000.00 "," 7,899.50 "," 7,899.50 ",    ,,,,,    ,    
,36832,06/25/2026,UNDOCKING,,WILLY ONG DIZON,MT COSTICA,SURIGAO,CORALES DEPOT,06/05/2026 11:45,06/05/2026 12:25,0.67,Per Move," 350,000.00 "," 350,000.00 ",," 350,000.00 ",    ,    ,,    ," 350,000.00 ",1834,06/25/2026," 350,000.00 "," 350,000.00 ",    ,    ,    ,,,,,    ,    
,36832-a,06/05/2026,UNDOCKING,,INSULAR OIL CORPORATION,MT COSTICA,SURIGAO,CORALES DEPOT,06/05/2026 11:45,06/05/2026 12:25,0.67,Per Move,    ,    ,,    ,    ,    ,,    ,    ,,,    ,    ,    ,    ,    ,,,,,    ,    
,26-6394U,06/25/2026,UNMOORING,,WILLY ONG DIZON,MT COSTICA,SURIGAO,CORALES DEPOT,06/05/2026 11:45,06/05/2026 12:25,0.67,Per Move," 20,000.00 "," 20,000.00 ",," 20,000.00 ",    ,    ,,    ," 20,000.00 ",1834,06/25/2026," 20,000.00 "," 20,000.00 ",    ,    ,    ,,,,,    ,    
,36832-U,06/05/2026,UNMOORING,,INSULAR OIL CORPORATION,MT COSTICA,SURIGAO,CORALES DEPOT,06/05/2026 11:45,06/05/2026 12:25,0.67,Per Move,    ,    ,,    ,    ,    ,,    ,    ,,," 20,000.00 "," 20,000.00 ",    ,    ,    ,,,,,    ,    
,36829,06/05/2026,DOCKING,,"MAR-SHIPS AGENCY, INC.",MT HUI HANG 11,LEYTE,VISPET,06/05/2026 13:15,06/05/2026 15:50,2.58,Per Move," 250,000.00 "," 250,000.00 ",," 250,000.00 ",    ,    ,,    ," 250,000.00 ",B000595,06/15/2026," 250,000.00 "," 250,000.00 ",    ,    ,    ,,,,,    ,    
,35448-A,06/05/2026,DOCKING,282,INSULAR OIL CORPORATION,MT BULUSAN II,BATANGAS,SINISIAN LEMERY BATANGAS PORT,06/05/2026 17:00,06/05/2026 18:30,1.50,Per Move," 102,000.00 "," 102,000.00 ",," 102,000.00 "," 7,899.50 "," 11,849.25 ",," 11,849.25 "," 113,849.25 ",1815,06/18/2026," 102,000.00 "," 102,000.00 "," 7,899.50 "," 11,849.25 ",    ,,,,,    ,    
,37295,06/05/2026,UNDOCKING,,PHILHUA SHIPPING INC,MV GOLDEN NOBLE,DAVAO,SASA PORT,06/05/2026 22:40,06/05/2026 23:40,1.00,Per Move," 60,000.00 "," 60,000.00 ",," 60,000.00 ",    ,    ,,    ," 60,000.00 ",B000591,06/10/2026," 60,000.00 "," 60,000.00 ",    ,    ,    ,,,,,    ,    
,37669,06/05/2026,UNDOCKING,,PHILHUA SHIPPING INC,MV GOLDEN NOBLE,DAVAO,SASA PORT,06/05/2026 22:45,06/05/2026 23:45,1.00,Per Move," 60,000.00 "," 60,000.00 ",," 60,000.00 ",    ,    ,,    ," 60,000.00 ",B000591,06/10/2026," 60,000.00 "," 60,000.00 ",    ,    ,    ,,,,,    ,    
,0006331- U,06/20/2026,UNMOORING,401,INSULAR OIL CORPORATION,MT AVA,CAGAYAN DE ORO,PETRO DE ORO CORP,06/06/2026 08:50,06/06/2026 09:35,0.75,Per Move," 12,500.00 "," 12,500.00 ",," 12,500.00 ",    ,    ,,    ," 12,500.00 ",1826,06/20/2026," 12,500.00 "," 12,500.00 ",    ,    ,    ,,,,,    ,    
,29934-A,06/06/2026,UNDOCKING,401,INSULAR OIL CORPORATION,MT AVA,CAGAYAN DE ORO,PETRO DE ORO CORP,06/06/2026 08:50,06/06/2026 09:35,0.75,Per Move," 62,105.50 "," 62,105.50 ",," 62,105.50 "," 7,899.50 "," 7,899.50 ",," 7,899.50 "," 70,005.00 ",1826,06/20/2026," 62,105.50 "," 62,105.50 "," 7,899.50 "," 7,899.50 ",    ,,,,,    ,    
,37547,06/06/2026,UNDOCKING,,PHIL-CEB MARINE SERVICES INC.,MV SAN RAFAEL DOS,DAVAO,SASA PORT,06/06/2026 11:10,06/06/2026 12:05,0.92,Per Move," 16,000.00 "," 16,000.00 ",," 16,000.00 "," 7,899.50 "," 7,899.50 ",," 7,899.50 "," 23,899.50 ",1693,06/10/2026," 16,000.00 "," 16,000.00 "," 7,899.50 "," 7,899.50 ",    ,,,,,    ,    
,37300,06/06/2026,UNDOCKING,,PHIL-CEB MARINE SERVICES INC.,MV SAN RAFAEL DOS,DAVAO,SASA PORT,06/06/2026 11:20,06/06/2026 12:10,0.83,Per Move," 16,000.00 "," 16,000.00 ",," 16,000.00 "," 7,899.50 "," 7,899.50 ",," 7,899.50 "," 23,899.50 ",1693,06/10/2026," 16,000.00 "," 16,000.00 "," 7,899.50 "," 7,899.50 ",    ,,,,,    ,    
,36830,06/06/2026,UNDOCKING,,"MAR-SHIPS AGENCY, INC.",MT HUI HANG 11,LEYTE,VISPET,06/06/2026 11:50,06/06/2026 13:00,1.17,Per Move," 250,000.00 "," 250,000.00 ",," 250,000.00 ",    ,    ,,    ," 250,000.00 ",B000595,06/15/2026," 250,000.00 "," 250,000.00 ",    ,    ,    ,,,,,    ,    
,35420-A,06/06/2026,DOCKING,294,INSULAR OIL CORPORATION,MT CHELSEA ENDURANCE,BATANGAS,SINISIAN LEMERY BATANGAS PORT,06/06/2026 12:20,06/06/2026 14:50,2.50,Per Move," 102,000.00 "," 102,000.00 ",," 102,000.00 "," 7,899.50 "," 19,748.75 ",," 19,748.75 "," 121,748.75 ",1818,06/18/2026," 102,000.00 "," 102,000.00 "," 7,899.50 "," 19,748.75 ",    ,,,,,    ,    
,35449-A,06/06/2026,UNDOCKING,282,INSULAR OIL CORPORATION,MT BULUSAN II,BATANGAS,SINISIAN LEMERY BATANGAS PORT,06/06/2026 12:20,06/06/2026 13:30,1.17,Per Move," 102,000.00 "," 102,000.00 ",," 102,000.00 "," 7,899.50 "," 11,849.25 ",," 11,849.25 "," 113,849.25 ",1815,06/18/2026," 102,000.00 "," 102,000.00 "," 7,899.50 "," 11,849.25 ",    ,,,,,    ,    
,35419-A,06/06/2026,DOCKING,294,INSULAR OIL CORPORATION,MT CHELSEA ENDURANCE,BATANGAS,SINISIAN LEMERY BATANGAS PORT,06/06/2026 13:30,06/06/2026 14:35,1.08,Per Move," 102,000.00 "," 102,000.00 ",," 102,000.00 "," 7,899.50 "," 8,531.46 ",," 8,531.46 "," 110,531.46 ",1818,06/18/2026," 102,000.00 "," 102,000.00 "," 7,899.50 "," 8,531.46 ",    ,,,,,    ,    
,37705,06/06/2026,UNDOCKING,,WINDBAY SHIPPING AND LOGISTICS INC.,PACIFIC APEX,DAVAO,SOUTHERN CONCRETE INDUSTRY INC,06/06/2026 15:30,06/06/2026 19:25,3.92,Per Move," 275,000.00 "," 275,000.00 ",," 275,000.00 "," 7,899.50 "," 30,966.04 ",," 30,966.04 "," 305,966.04 ",B000592,06/11/2026," 275,000.00 "," 275,000.00 "," 7,899.50 "," 30,966.04 ",    ,,,,,    ,    
,37545,06/06/2026,UNDOCKING,,WINDBAY SHIPPING AND LOGISTICS INC.,PACIFIC APEX,DAVAO,SOUTHERN CONCRETE INDUSTRY INC,06/06/2026 15:40,06/06/2026 19:20,3.67,Per Move," 275,000.00 "," 275,000.00 ",," 275,000.00 "," 7,899.50 "," 28,991.17 ",," 28,991.17 "," 303,991.17 ",B000592,06/11/2026," 275,000.00 "," 275,000.00 "," 7,899.50 "," 28,991.17 ",    ,,,,,    ,    
,34507-A,06/06/2026,UNDOCKING,,WINDBAY SHIPPING AND LOGISTICS INC.,PACIFIC APEX,DAVAO,SOUTHERN CONCRETE INDUSTRY INC,06/06/2026 15:40,06/06/2026 19:25,3.75,Per Move," 275,000.00 "," 275,000.00 ",," 275,000.00 "," 7,899.50 "," 29,623.13 ",," 29,623.13 "," 304,623.13 ",B000592,06/11/2026," 275,000.00 "," 275,000.00 "," 7,899.50 "," 29,623.13 ",    ,,,,,    ,    
,35738,06/06/2026,UNDOCKING,07,VIA MARINE CORPORATION,MT VERONICA 2,BATANGAS,CHEVRON,06/06/2026 18:00,06/06/2026 19:35,1.58,Per Hour," 39,200.00 "," 61,936.00 ",," 61,936.00 "," 32,218.48 "," 50,905.20 ",," 50,905.20 "," 112,841.20 ",1811,06/17/2026," 39,200.00 "," 61,936.00 "," 32,218.48 "," 50,905.20 ",    ,,,,,    ,    
,26-0331U,06/06/2026,UNMOORING,07,VIA MARINE CORPORATION,MT VERONICA 2,BATANGAS,CHEVRON,06/06/2026 18:00,06/06/2026 19:28,1.47,Per Move," 8,960.00 "," 8,960.00 ",," 8,960.00 ",    ,    ,,    ," 8,960.00 ",1811,06/17/2026," 8,960.00 "," 8,960.00 ",    ,    ,    ,,,,,    ,    
,37548,06/06/2026,DOCKING,,WINDBAY SHIPPING AND LOGISTICS INC.,MV EXCELSIOR DIVA,DAVAO,SOUTHERN CONCRETE INDUSTRY INC,06/06/2026 19:20,06/06/2026 23:30,4.17,Per Move," 275,000.00 "," 275,000.00 ",," 275,000.00 "," 7,899.50 "," 32,940.92 ",," 32,940.92 "," 307,940.92 ",B000600,06/22/2026," 275,000.00 "," 275,000.00 "," 7,899.50 "," 32,940.92 ",    ,,,,,    ,    
,34510,06/06/2026,DOCKING,,WINDBAY SHIPPING AND LOGISTICS INC.,MV EXCELSIOR DIVA,DAVAO,SOUTHERN CONCRETE INDUSTRY INC,06/06/2026 19:25,06/06/2026 23:20,3.92,Per Move," 275,000.00 "," 275,000.00 ",," 275,000.00 "," 7,899.50 "," 30,966.04 ",," 30,966.04 "," 305,966.04 ",B000600,06/22/2026," 275,000.00 "," 275,000.00 "," 7,899.50 "," 30,966.04 ",    ,,,,,    ,    
,37709,06/06/2026,DOCKING,,WINDBAY SHIPPING AND LOGISTICS INC.,MV EXCELSIOR DIVA,DAVAO,SOUTHERN CONCRETE INDUSTRY INC,06/06/2026 19:25,06/06/2026 23:45,4.33,Per Move," 275,000.00 "," 275,000.00 ",," 275,000.00 "," 7,899.50 "," 34,204.84 ",," 34,204.84 "," 309,204.84 ",B000600,06/22/2026," 275,000.00 "," 275,000.00 "," 7,899.50 "," 34,204.84 ",    ,,,,,    ,    
,35739,06/06/2026,DOCKING,022,VIA MARINE CORPORATION,MT CES,BATANGAS,CHEVRON,06/06/2026 20:10,06/06/2026 21:35,1.42,Per Hour," 39,200.00 "," 55,664.00 ",," 55,664.00 "," 32,218.48 "," 45,750.24 ",," 45,750.24 "," 101,414.24 ",1809,06/17/2026," 39,200.00 "," 55,664.00 "," 32,218.48 "," 45,750.24 ",    ,,,,,    ,    
,26-0332M,06/06/2026,MOORING,022,VIA MARINE CORPORATION,MT CES,BATANGAS,CHEVRON,06/06/2026 20:10,06/06/2026 21:35,1.42,Per Move," 8,960.00 "," 8,960.00 ",," 8,960.00 ",    ,    ,,    ," 8,960.00 ",1809,06/17/2026," 8,960.00 "," 8,960.00 ",    ,    ,    ,,,,,    ,    
,37675,06/07/2026,DOCKING,428,INSULAR OIL CORPORATION,MT CASANDRA,DAVAO,INSULAR OIL,06/07/2026 04:50,06/07/2026 05:40,0.83,Per Move," 35,000.00 "," 35,000.00 ",," 35,000.00 "," 7,899.50 "," 7,899.50 ",," 7,899.50 "," 42,899.50 ",1816,06/18/2026," 35,000.00 "," 35,000.00 "," 7,899.50 "," 7,899.50 ",    ,,,,,    ,    
,37550,06/07/2026,DOCKING,428,INSULAR OIL CORPORATION,MT CASANDRA,DAVAO,INSULAR OIL,06/07/2026 05:00,06/07/2026 05:50,0.83,Per Move," 35,000.00 "," 35,000.00 ",," 35,000.00 "," 7,899.50 "," 7,899.50 ",," 7,899.50 "," 42,899.50 ",1816,06/18/2026," 35,000.00 "," 35,000.00 "," 7,899.50 "," 7,899.50 ",    ,,,,,    ,    
,37676,06/07/2026,UNDOCKING,428,INSULAR OIL CORPORATION,MT CASANDRA,DAVAO,INSULAR OIL,06/07/2026 23:20,06/07/2026 23:55,0.58,Per Move," 35,000.00 "," 35,000.00 ",," 35,000.00 "," 7,899.50 "," 7,899.50 ",," 7,899.50 "," 42,899.50 ",1816,06/18/2026," 35,000.00 "," 35,000.00 "," 7,899.50 "," 7,899.50 ",    ,,,,,    ,    
,37551,06/07/2026,UNDOCKING,428,INSULAR OIL CORPORATION,MT CASANDRA,DAVAO,INSULAR OIL,06/07/2026 23:25,06/07/2026 23:55,0.50,Per Move," 35,000.00 "," 35,000.00 ",," 35,000.00 "," 7,899.50 "," 7,899.50 ",," 7,899.50 "," 42,899.50 ",1816,06/18/2026," 35,000.00 "," 35,000.00 "," 7,899.50 "," 7,899.50 ",    ,,,,,    ,    
,00615-A,06/08/2026,DOCKING,339,INSULAR OIL CORPORATION,MT ALICE DL,CEBU,SPEC PITALO,06/08/2026 07:30,06/08/2026 08:10,0.67,Per Move," 85,000.00 "," 85,000.00 ",," 85,000.00 "," 7,899.50 "," 7,899.50 ",," 7,899.50 "," 92,899.50 ",1813,06/18/2026," 85,000.00 "," 85,000.00 "," 7,899.50 "," 7,899.50 ",    ,,,,,    ,    
,00227-A,06/08/2026,DOCKING,339,INSULAR OIL CORPORATION,MT ALICE DL,CEBU,SPEC PITALO,06/08/2026 07:30,06/08/2026 08:10,0.67,Per Move," 85,000.00 "," 85,000.00 ",," 85,000.00 "," 7,899.50 "," 7,899.50 ",," 7,899.50 "," 92,899.50 ",1813,06/18/2026," 85,000.00 "," 85,000.00 "," 7,899.50 "," 7,899.50 ",    ,,,,,    ,    
,6974M,06/08/2026,MOORING,339,INSULAR OIL CORPORATION,MT ALICE DL,CEBU,SPEC PITALO,06/08/2026 08:00,06/09/2026 09:00,25.00,Per Move," 16,800.00 "," 16,800.00 ",," 16,800.00 ",    ,    ,,    ," 16,800.00 ",1813,06/18/2026," 16,800.00 "," 16,800.00 ",    ,    ,    ,,,,,    ,    
,6975U,06/09/2026,UNMOORING,339,INSULAR OIL CORPORATION,MT ALICE DL,CEBU,SPEC PITALO,06/08/2026 08:00,06/09/2026 09:00,25.00,Per Move," 16,800.00 "," 16,800.00 ",," 16,800.00 ",    ,    ,,    ," 16,800.00 ",1813,06/18/2026," 16,800.00 "," 16,800.00 ",    ,    ,    ,,,,,    ,    
,35741,06/08/2026,UNDOCKING,022,VIA MARINE CORPORATION,MT CES,BATANGAS,CHEVRON,06/08/2026 08:35,06/08/2026 10:50,2.25,Per Hour," 39,200.00 "," 88,200.00 ",," 88,200.00 "," 32,218.48 "," 72,491.58 ",," 72,491.58 "," 160,691.58 ",1809,06/17/2026," 39,200.00 "," 88,200.00 "," 32,218.48 "," 72,491.58 ",    ,,,,,    ,    
,26-0332U,06/08/2026,UNMOORING,022,VIA MARINE CORPORATION,MT CES,BATANGAS,CHEVRON,06/08/2026 08:35,06/08/2026 10:50,2.25,Per Move," 8,960.00 "," 8,960.00 ",," 8,960.00 ",    ,    ,,    ," 8,960.00 ",1809,06/17/2026," 8,960.00 "," 8,960.00 ",    ,    ,    ,,,,,    ,    
,35742,06/08/2026,DOCKING,964,SITE RESOURCES DEVELOPMENT CORPORATION,MT PANGLAO ISLAND,BATANGAS,SRDC,06/08/2026 15:10,06/08/2026 17:15,2.08,Per Move," 28,000.00 "," 28,000.00 ",," 28,000.00 "," 7,899.50 "," 16,430.96 ",," 16,430.96 "," 44,430.96 ",1804,06/16/2026," 28,000.00 "," 28,000.00 "," 7,899.50 "," 16,430.96 ",    ,,,,,    ,    
,26-0334M,06/08/2026,MOORING,964,SITE RESOURCES DEVELOPMENT CORPORATION,MT PANGLAO ISLAND,BATANGAS,SRDC,06/08/2026 15:10,06/08/2026 17:15,2.08,Per Move," 8,000.00 "," 8,000.00 ",," 8,000.00 ",    ,    ,,    ," 8,000.00 ",1804,06/16/2026," 8,000.00 "," 8,000.00 ",    ,    ,    ,,,,,    ,    
,35743,06/08/2026,SHIFTING,964,SITE RESOURCES DEVELOPMENT CORPORATION,MT PANGLAO ISLAND,BATANGAS,SRDC,06/08/2026 23:10,06/08/2026 23:45,0.58,Per Move," 23,000.00 "," 23,000.00 ",," 23,000.00 "," 7,899.50 "," 7,899.50 ",," 7,899.50 "," 30,899.50 ",1804,06/16/2026," 23,000.00 "," 23,000.00 "," 7,899.50 "," 7,899.50 ",    ,,,,,    ,    
,26-0333M,06/16/2026,MOORING,964,SITE RESOURCES DEVELOPMENT CORPORATION,MT PANGLAO ISLAND,BATANGAS,SRDC,06/08/2026 23:10,06/08/2026 23:45,0.58,Per Move," 8,000.00 "," 8,000.00 ",," 8,000.00 ",    ,    ,,    ," 8,000.00 ",1804,06/16/2026," 8,000.00 "," 8,000.00 ",    ,    ,    ,,,,,    ,    
,26-0333U,06/08/2026,UNMOORING,964,SITE RESOURCES DEVELOPMENT CORPORATION,MT PANGLAO ISLAND,BATANGAS,SRDC,06/08/2026 23:10,06/08/2026 23:45,0.58,Per Move," 8,000.00 "," 8,000.00 ",," 8,000.00 ",    ,    ,,    ," 8,000.00 ",1804,06/16/2026," 8,000.00 "," 8,000.00 ",    ,    ,    ,,,,,    ,    
,35744,06/09/2026,BOARDING FORM,,"MAR-SHIPS AGENCY, INC.",MTKR GUI CHI,BATANGAS,SEAOIL MABINI,06/09/2026 00:32,06/09/2026 02:35,2.05,Per Move," 35,000.00 "," 35,000.00 ",," 35,000.00 "," 21,835.00 "," 21,835.00 ",," 21,835.00 "," 56,835.00 ",B000596,06/15/2026," 35,000.00 "," 35,000.00 "," 21,835.00 "," 21,835.00 ",    ,,,,,    ,    
,37751,06/09/2026,DOCKING,,"MAR-SHIPS AGENCY, INC.",MT VELA,DAVAO,KTC,06/09/2026 01:50,06/09/2026 06:30,4.67,Per Move," 45,000.00 "," 45,000.00 ",," 45,000.00 "," 31,688.20 "," 31,688.20 ",," 31,688.20 "," 76,688.20 ",B000598,06/19/2026," 45,000.00 "," 45,000.00 "," 31,688.20 "," 31,688.20 ",    ,,,,,    ,    
,37678,06/09/2026,DOCKING,,"MAR-SHIPS AGENCY, INC.",MT VELA,DAVAO,KTC,06/09/2026 01:55,06/09/2026 06:25,4.50,Per Move," 45,000.00 "," 45,000.00 ",," 45,000.00 "," 31,688.20 "," 31,688.20 ",," 31,688.20 "," 76,688.20 ",B000598,06/19/2026," 45,000.00 "," 45,000.00 "," 31,688.20 "," 31,688.20 ",    ,,,,,    ,    
,35451,06/09/2026,DOCKING,,"MAR-SHIPS AGENCY, INC.",MTKR GUI CHI,BATANGAS,SEAOIL MABINI,06/09/2026 05:00,06/09/2026 08:55,3.92,Per Move," 136,000.00 "," 136,000.00 ",," 136,000.00 "," 30,569.00 "," 30,569.00 ",," 30,569.00 "," 166,569.00 ",B000597,06/15/2026," 136,000.00 "," 136,000.00 "," 30,569.00 "," 30,569.00 ",    ,,,,,    ,    
,37711,06/09/2026,DOCKING,,PHIL-CEB MARINE SERVICES INC.,MV SPAN ASIA 51,DAVAO,SASA PORT,06/09/2026 05:00,06/09/2026 06:00,1.00,Per Move," 16,000.00 "," 16,000.00 ",," 16,000.00 "," 9,919.00 "," 9,919.00 ",," 9,919.00 "," 25,919.00 ",1695,06/11/2026," 16,000.00 "," 16,000.00 "," 9,919.00 "," 9,919.00 ",    ,,,,,    ,    
,34512,06/09/2026,DOCKING,,PHIL-CEB MARINE SERVICES INC.,MV SPAN ASIA 51,DAVAO,SASA PORT,06/09/2026 05:05,06/09/2026 06:05,1.00,Per Move," 16,000.00 "," 16,000.00 ",," 16,000.00 "," 9,919.00 "," 9,919.00 ",," 9,919.00 "," 25,919.00 ",1695,06/11/2026," 16,000.00 "," 16,000.00 "," 9,919.00 "," 9,919.00 ",    ,,,,,    ,    
,35745,06/09/2026,DOCKING,,"MAR-SHIPS AGENCY, INC.",MTKR GUI CHI,BATANGAS,SEAOIL MABINI,06/09/2026 05:15,06/09/2026 08:30,3.25,Per Move," 136,000.00 "," 136,000.00 ",," 136,000.00 "," 30,569.00 "," 30,569.00 ",," 30,569.00 "," 166,569.00 ",B000597,06/15/2026," 136,000.00 "," 136,000.00 "," 30,569.00 "," 30,569.00 ",    ,,,,,    ,    
,90764-A,06/09/2026,DOCKING,,"MAR-SHIPS AGENCY, INC.",MTKR GUI CHI,BATANGAS,SEAOIL MABINI,06/09/2026 05:40,06/09/2026 08:05,2.42,Per Move," 136,000.00 "," 136,000.00 ",," 136,000.00 "," 30,569.00 "," 30,569.00 ",," 30,569.00 "," 166,569.00 ",B000597,06/15/2026," 136,000.00 "," 136,000.00 "," 30,569.00 "," 30,569.00 ",    ,,,,,    ,    
,37712,06/09/2026,DOCKING,429,INSULAR OIL CORPORATION,MT CASANDRA,DAVAO,INSULAR OIL,06/09/2026 06:00,06/09/2026 07:00,1.00,Per Move," 35,000.00 "," 35,000.00 ",," 35,000.00 "," 9,919.00 "," 9,919.00 ",," 9,919.00 "," 44,919.00 ",1817,06/18/2026," 35,000.00 "," 35,000.00 "," 9,919.00 "," 9,919.00 ",    ,,,,,    ,    
,37552,06/09/2026,DOCKING,429,INSULAR OIL CORPORATION,MT CASANDRA,DAVAO,INSULAR OIL,06/09/2026 06:05,06/09/2026 06:55,0.83,Per Move," 35,000.00 "," 35,000.00 ",," 35,000.00 "," 9,919.00 "," 9,919.00 ",," 9,919.00 "," 44,919.00 ",1817,06/18/2026," 35,000.00 "," 35,000.00 "," 9,919.00 "," 9,919.00 ",    ,,,,,    ,    
,00229-A,06/09/2026,UNDOCKING,339,INSULAR OIL CORPORATION,MT ALICE DL,CEBU,SPEC PITALO,06/09/2026 09:00,06/09/2026 09:32,0.53,Per Move," 85,000.00 "," 85,000.00 ",," 85,000.00 "," 9,919.00 "," 9,919.00 ",," 9,919.00 "," 94,919.00 ",1813,06/18/2026," 85,000.00 "," 85,000.00 "," 9,919.00 "," 9,919.00 ",    ,,,,,    ,    
,00619-A,06/09/2026,UNDOCKING,339,INSULAR OIL CORPORATION,MT ALICE DL,CEBU,SPEC PITALO,06/09/2026 09:00,06/09/2026 09:32,0.53,Per Move," 85,000.00 "," 85,000.00 ",," 85,000.00 "," 9,919.00 "," 9,919.00 ",," 9,919.00 "," 94,919.00 ",1813,06/18/2026," 85,000.00 "," 85,000.00 "," 9,919.00 "," 9,919.00 ",    ,,,,,    ,    
,37681,06/09/2026,UNDOCKING,,PHIL-CEB MARINE SERVICES INC.,MV SPAN ASIA 51,DAVAO,SASA PORT,06/09/2026 17:40,06/09/2026 18:10,0.50,Per Move," 16,000.00 "," 16,000.00 ",," 16,000.00 "," 9,919.00 "," 9,919.00 ",," 9,919.00 "," 25,919.00 ",1695,06/11/2026," 16,000.00 "," 16,000.00 "," 9,919.00 "," 9,919.00 ",    ,,,,,    ,    
,37753,06/09/2026,UNDOCKING,,PHIL-CEB MARINE SERVICES INC.,MV SPAN ASIA 51,DAVAO,SASA PORT,06/09/2026 17:40,06/09/2026 18:25,0.75,Per Move," 16,000.00 "," 16,000.00 ",," 16,000.00 "," 9,919.00 "," 9,919.00 ",," 9,919.00 "," 25,919.00 ",1695,06/11/2026," 16,000.00 "," 16,000.00 "," 9,919.00 "," 9,919.00 ",    ,,,,,    ,    
,37673,06/09/2026,UNDOCKING,,BEN LINE AGENCIES PHILS INC,MV GATE GOLD,DAVAO,KTC,06/09/2026 18:10,06/09/2026 21:05,2.92,Per Move," 75,000.00 "," 75,000.00 ",," 75,000.00 "," 9,919.00 "," 28,963.48 ",," 28,963.48 "," 103,963.48 ",1827,06/22/2026," 75,000.00 "," 75,000.00 "," 9,919.00 "," 28,963.48 ",    ,,,,,    ,    
,35740,06/09/2026,UNDOCKING,964,SITE RESOURCES DEVELOPMENT CORPORATION,MT PANGLAO ISLAND,BATANGAS,SRDC,06/09/2026 18:35,06/09/2026 19:05,0.50,Per Move," 23,000.00 "," 23,000.00 ",," 23,000.00 "," 9,919.00 "," 9,919.00 ",," 9,919.00 "," 32,919.00 ",1804,06/16/2026," 23,000.00 "," 23,000.00 "," 9,919.00 "," 9,919.00 ",    ,,,,,    ,    
,26-0334U,06/09/2026,UNMOORING,964,SITE RESOURCES DEVELOPMENT CORPORATION,MT PANGLAO ISLAND,BATANGAS,SRDC,06/09/2026 18:35,06/09/2026 19:05,0.50,Per Move," 8,000.00 "," 8,000.00 ",," 8,000.00 ",    ,    ,,    ," 8,000.00 ",1804,06/16/2026," 8,000.00 "," 8,000.00 ",    ,    ,    ,,,,,    ,    
,37298,06/09/2026,UNDOCKING,,BEN LINE AGENCIES PHILS INC,MV GATE GOLD,DAVAO,KTC,06/09/2026 19:48,06/09/2026 21:05,1.28,Per Move," 75,000.00 "," 75,000.00 ",," 75,000.00 "," 9,919.00 "," 12,696.32 ",," 12,696.32 "," 87,696.32 ",1827,06/22/2026," 75,000.00 "," 75,000.00 "," 9,919.00 "," 12,696.32 ",    ,,,,,    ,    
,35416-A,06/09/2026,UNDOCKING,294,INSULAR OIL CORPORATION,MT CHELSEA ENDURANCE,BATANGAS,SINISIAN LEMERY BATANGAS PORT,06/09/2026 22:10,06/09/2026 23:30,1.33,Per Move," 102,000.00 "," 102,000.00 ",," 102,000.00 "," 9,919.00 "," 13,192.27 ",," 13,192.27 "," 115,192.27 ",1818,06/18/2026," 102,000.00 "," 102,000.00 "," 9,919.00 "," 13,192.27 ",    ,,,,,    ,    
,90766-A,06/10/2026,UNDOCKING,,"MAR-SHIPS AGENCY, INC.",MTKR GUI CHI,BATANGAS,SEAOIL MABINI,06/10/2026 04:40,06/10/2026 06:45,2.08,Per Move," 136,000.00 "," 136,000.00 ",," 136,000.00 "," 30,569.00 "," 30,569.00 ",," 30,569.00 "," 166,569.00 ",B000597,06/15/2026," 136,000.00 "," 136,000.00 "," 30,569.00 "," 30,569.00 ",    ,,,,,    ,    
,35746,06/10/2026,UNDOCKING,,"MAR-SHIPS AGENCY, INC.",MTKR GUI CHI,BATANGAS,SEAOIL MABINI,06/10/2026 05:10,06/10/2026 07:15,2.08,Per Move," 136,000.00 "," 136,000.00 ",," 136,000.00 "," 30,569.00 "," 30,569.00 ",," 30,569.00 "," 166,569.00 ",B000597,06/15/2026," 136,000.00 "," 136,000.00 "," 30,569.00 "," 30,569.00 ",    ,,,,,    ,    
,35452,06/10/2026,UNDOCKING,,"MAR-SHIPS AGENCY, INC.",MTKR GUI CHI,BATANGAS,SEAOIL MABINI,06/10/2026 05:10,06/10/2026 07:30,2.33,Per Move," 136,000.00 "," 136,000.00 ",," 136,000.00 "," 30,569.00 "," 30,569.00 ",," 30,569.00 "," 166,569.00 ",B000597,06/15/2026," 136,000.00 "," 136,000.00 "," 30,569.00 "," 30,569.00 ",    ,,,,,    ,    
,37752,06/10/2026,UNDOCKING,,"MAR-SHIPS AGENCY, INC.",MT VELA,DAVAO,KTC,06/10/2026 06:50,06/10/2026 09:00,2.17,Per Move," 45,000.00 "," 45,000.00 ",," 45,000.00 "," 31,688.20 "," 31,688.20 ",," 31,688.20 "," 76,688.20 ",B000598,06/19/2026," 45,000.00 "," 45,000.00 "," 31,688.20 "," 31,688.20 ",    ,,,,,    ,    
,37677,06/10/2026,UNDOCKING,,"MAR-SHIPS AGENCY, INC.",MT VELA,DAVAO,KTC,06/10/2026 06:55,06/10/2026 08:50,1.92,Per Move," 45,000.00 "," 45,000.00 ",," 45,000.00 "," 31,688.20 "," 31,688.20 ",," 31,688.20 "," 76,688.20 ",B000598,06/19/2026," 45,000.00 "," 45,000.00 "," 31,688.20 "," 31,688.20 ",    ,,,,,    ,    
,37713,06/10/2026,UNDOCKING,429,INSULAR OIL CORPORATION,MT CASANDRA,DAVAO,INSULAR OIL,06/10/2026 07:00,06/10/2026 08:00,1.00,Per Move," 35,000.00 "," 35,000.00 ",," 35,000.00 "," 9,919.00 "," 9,919.00 ",," 9,919.00 "," 44,919.00 ",1817,06/18/2026," 35,000.00 "," 35,000.00 "," 9,919.00 "," 9,919.00 ",    ,,,,,    ,    
,37553,06/10/2026,UNDOCKING,429,INSULAR OIL CORPORATION,MT CASANDRA,DAVAO,INSULAR OIL,06/10/2026 07:05,06/10/2026 07:50,0.75,Per Move," 35,000.00 "," 35,000.00 ",," 35,000.00 "," 9,919.00 "," 9,919.00 ",," 9,919.00 "," 44,919.00 ",1817,06/18/2026," 35,000.00 "," 35,000.00 "," 9,919.00 "," 9,919.00 ",    ,,,,,    ,    
,37679,06/10/2026,DOCKING,,"MAR-SHIPS AGENCY, INC.",MT VELA,DAVAO,NEW DAVAO OIL MILL,06/10/2026 08:50,06/10/2026 11:25,2.58,Per Move," 45,000.00 "," 45,000.00 ",," 45,000.00 "," 31,688.20 "," 31,688.20 ",," 31,688.20 "," 76,688.20 ",B000599,06/19/2026," 45,000.00 "," 45,000.00 "," 31,688.20 "," 31,688.20 ",    ,,,,,    ,    
,37754,06/10/2026,DOCKING,,"MAR-SHIPS AGENCY, INC.",MT VELA,DAVAO,NEW DAVAO OIL MILL,06/10/2026 09:00,06/10/2026 12:10,3.17,Per Move," 45,000.00 "," 45,000.00 ",," 45,000.00 "," 31,688.20 "," 31,688.20 ",," 31,688.20 "," 76,688.20 ",B000599,06/19/2026," 45,000.00 "," 45,000.00 "," 31,688.20 "," 31,688.20 ",    ,,,,,    ,    
,37755,06/11/2026,UNDOCKING,,"MAR-SHIPS AGENCY, INC.",MT VELA,DAVAO,NEW DAVAO OIL MILL,06/11/2026 05:05,06/11/2026 06:40,1.58,Per Move," 45,000.00 "," 45,000.00 ",," 45,000.00 "," 31,688.20 "," 31,688.20 ",," 31,688.20 "," 76,688.20 ",B000599,06/19/2026," 45,000.00 "," 45,000.00 "," 31,688.20 "," 31,688.20 ",    ,,,,,    ,    
,35412-A,06/11/2026,DOCKING,,INSULAR OIL CORPORATION,MT BULUSAN,BATANGAS,SINISIAN LEMERY BATANGAS PORT,06/11/2026 05:10,06/11/2026 07:05,1.92,Per Move," 102,000.00 "," 102,000.00 ",," 102,000.00 "," 9,919.00 "," 14,878.50 ",," 14,878.50 "," 116,878.50 ",1814,06/18/2026," 102,000.00 "," 102,000.00 "," 9,919.00 "," 14,878.50 ",    ,,,,,    ,    
,35413-A,06/11/2026,DOCKING,,INSULAR OIL CORPORATION,MT BULUSAN,BATANGAS,SINISIAN LEMERY BATANGAS PORT,06/11/2026 05:10,06/11/2026 06:50,1.67,Per Move," 102,000.00 "," 102,000.00 ",," 102,000.00 "," 9,919.00 "," 14,878.50 ",," 14,878.50 "," 116,878.50 ",1814,06/18/2026," 102,000.00 "," 102,000.00 "," 9,919.00 "," 14,878.50 ",    ,,,,,    ,    
,37680,06/11/2026,UNDOCKING,,"MAR-SHIPS AGENCY, INC.",MT VELA,DAVAO,NEW DAVAO OIL MILL,06/11/2026 05:10,06/11/2026 06:45,1.58,Per Move," 45,000.00 "," 45,000.00 ",," 45,000.00 "," 31,688.20 "," 31,688.20 ",," 31,688.20 "," 76,688.20 ",B000599,06/19/2026," 45,000.00 "," 45,000.00 "," 31,688.20 "," 31,688.20 ",    ,,,,,    ,    
,37756,06/25/2026,DOCKING,,"WILHELMSEN-SMITH BELL SHIPPING, INC.",MT INNOVATOR,DAVAO,NEW DAVAO OIL MILL,06/11/2026 06:40,06/11/2026 09:25,2.75,Per Move," 45,000.00 "," 45,000.00 ",," 45,000.00 "," 31,688.20 "," 87,142.55 ",," 87,142.55 "," 132,142.55 ",B000604,06/25/2026," 45,000.00 "," 45,000.00 "," 31,688.20 "," 87,142.55 ",    ,,,,,    ,    
,37684,06/25/2026,DOCKING,,"WILHELMSEN-SMITH BELL SHIPPING, INC.",MT INNOVATOR,DAVAO,NEW DAVAO OIL MILL,06/11/2026 06:45,06/11/2026 09:15,2.50,Per Move," 45,000.00 "," 45,000.00 ",," 45,000.00 "," 31,688.20 "," 79,220.50 ",," 79,220.50 "," 124,220.50 ",B000604,06/25/2026," 45,000.00 "," 45,000.00 "," 31,688.20 "," 79,220.50 ",    ,,,,,    ,    
,37686,06/11/2026,DOCKING,,PHIL-CEB MARINE SERVICES INC.,MV SPAN ASIA 51,DAVAO,SASA PORT,06/11/2026 10:55,06/11/2026 11:55,1.00,Per Move," 16,000.00 "," 16,000.00 ",," 16,000.00 "," 9,919.00 "," 9,919.00 ",," 9,919.00 "," 25,919.00 ",1856,06/24/2026," 16,000.00 "," 16,000.00 "," 9,919.00 "," 9,919.00 ",    ,,,,,    ,    
,37759,06/11/2026,DOCKING,,PHIL-CEB MARINE SERVICES INC.,MV SPAN ASIA 51,DAVAO,SASA PORT,06/11/2026 11:00,06/11/2026 12:00,1.00,Per Move," 16,000.00 "," 16,000.00 ",," 16,000.00 "," 9,919.00 "," 9,919.00 ",," 9,919.00 "," 25,919.00 ",1856,06/24/2026," 16,000.00 "," 16,000.00 "," 9,919.00 "," 9,919.00 ",    ,,,,,    ,    
,35453,06/11/2026,DOCKING,08,VIA MARINE CORPORATION,MT VERONICA 2,BATANGAS,CHEVRON,06/11/2026 12:40,06/11/2026 14:50,2.17,Per Hour," 39,200.00 "," 85,064.00 ",," 85,064.00 "," 34,237.28 "," 74,294.90 ",," 74,294.90 "," 159,358.90 ",1812,06/18/2026," 39,200.00 "," 85,064.00 "," 34,237.28 "," 74,294.90 ",    ,,,,,    ,    
,26-0335M,06/11/2026,MOORING,08,VIA MARINE CORPORATION,MT VERONICA 2,BATANGAS,CHEVRON,06/11/2026 12:40,06/11/2026 14:50,2.17,Per Move," 8,960.00 "," 8,960.00 ",," 8,960.00 ",    ,    ,,    ," 8,960.00 ",1812,06/18/2026," 8,960.00 "," 8,960.00 ",    ,    ,    ,,,,,    ,    
,37687,06/11/2026,UNDOCKING,,PHIL-CEB MARINE SERVICES INC.,MV SPAN ASIA 51,DAVAO,SASA PORT,06/11/2026 15:35,06/11/2026 16:35,1.00,Per Move," 16,000.00 "," 16,000.00 ",," 16,000.00 "," 9,919.00 "," 9,919.00 ",," 9,919.00 "," 25,919.00 ",1856,06/24/2026," 16,000.00 "," 16,000.00 "," 9,919.00 "," 9,919.00 ",    ,,,,,    ,    
,37758,06/11/2026,UNDOCKING,,PHIL-CEB MARINE SERVICES INC.,MV SPAN ASIA 51,DAVAO,SASA PORT,06/11/2026 15:40,06/11/2026 16:40,1.00,Per Move," 16,000.00 "," 16,000.00 ",," 16,000.00 "," 9,919.00 "," 9,919.00 ",," 9,919.00 "," 25,919.00 ",1856,06/24/2026," 16,000.00 "," 16,000.00 "," 9,919.00 "," 9,919.00 ",    ,,,,,    ,    
,35450-A,06/11/2026,UNDOCKING,,INSULAR OIL CORPORATION,MT BULUSAN,BATANGAS,SINISIAN LEMERY BATANGAS PORT,06/11/2026 22:30,06/11/2026 23:50,1.33,Per Move," 102,000.00 "," 102,000.00 ",," 102,000.00 "," 9,919.00 "," 14,878.50 ",," 14,878.50 "," 116,878.50 ",1814,06/18/2026," 102,000.00 "," 102,000.00 "," 9,919.00 "," 14,878.50 ",    ,,,,,    ,    
,1730006158-A,06/12/2026,DOCKING,402,INSULAR OIL CORPORATION,MT AVA,SUBIC,PPC TERMINAL,06/12/2026 05:55,06/12/2026 08:30,2.58,Per Hour," 39,200.00 "," 101,136.00 ",," 101,136.00 "," 32,647.22 "," 84,229.83 ",," 84,229.83 "," 185,365.83 ",1832,06/24/2026," 39,200.00 "," 101,136.00 "," 32,647.22 "," 84,229.83 ",    ,,,,,    ,    
,1740006573-A,06/12/2026,DOCKING,402,INSULAR OIL CORPORATION,MT AVA,SUBIC,PPC TERMINAL,06/12/2026 06:05,06/12/2026 08:30,2.42,Per Hour," 39,200.00 "," 94,864.00 ",," 94,864.00 "," 32,647.22 "," 79,006.27 ",," 79,006.27 "," 173,870.27 ",1832,06/24/2026," 39,200.00 "," 94,864.00 "," 32,647.22 "," 79,006.27 ",    ,,,,,    ,    
,37683,06/25/2026,UNDOCKING,,"WILHELMSEN-SMITH BELL SHIPPING, INC.",MT INNOVATOR,DAVAO,NEW DAVAO OIL MILL,06/12/2026 09:15,06/12/2026 11:00,1.75,Per Move," 45,000.00 "," 45,000.00 ",," 45,000.00 "," 31,688.20 "," 55,454.35 ",," 55,454.35 "," 100,454.35 ",B000604,06/25/2026," 45,000.00 "," 45,000.00 "," 31,688.20 "," 55,454.35 ",    ,,,,,    ,    
,37714,06/25/2026,UNDOCKING,,"WILHELMSEN-SMITH BELL SHIPPING, INC.",MT INNOVATOR,DAVAO,NEW DAVAO OIL MILL,06/12/2026 09:20,06/12/2026 11:05,1.75,Per Move," 45,000.00 "," 45,000.00 ",," 45,000.00 "," 31,688.20 "," 55,454.35 ",," 55,454.35 "," 100,454.35 ",B000604,06/25/2026," 45,000.00 "," 45,000.00 "," 31,688.20 "," 55,454.35 ",    ,,,,,    ,    
,37760,06/12/2026,FERRY SERVICE,,GAC PHILIPPINES INC,MT JAL SIDDHI,DAVAO,STA ANA ANCHORAGE,06/12/2026 10:55,06/12/2026 16:10,5.25,Per Hour," 45,000.00 "," 236,250.00 ",," 236,250.00 "," 31,688.20 "," 166,363.05 ",," 166,363.05 "," 402,613.05 ",1852,06/24/2026," 45,000.00 "," 236,250.00 "," 31,688.20 "," 166,363.05 ",    ,,,,,    ,    
,00044-A,06/12/2026,DOCKING,429,INSULAR OIL CORPORATION,MT CASANDRA,CEBU,SPEC PITALO,06/12/2026 15:32,06/12/2026 16:22,0.83,Per Move," 85,000.00 "," 85,000.00 ",," 85,000.00 "," 9,919.00 "," 9,919.00 ",," 9,919.00 "," 94,919.00 ",1820,06/18/2026," 85,000.00 "," 85,000.00 "," 9,919.00 "," 9,919.00 ",    ,,,,,    ,    
,00185-A,06/12/2026,DOCKING,429,INSULAR OIL CORPORATION,MT CASANDRA,CEBU,SPEC PITALO,06/12/2026 15:32,06/12/2026 16:22,0.83,Per Move," 85,000.00 "," 85,000.00 ",," 85,000.00 "," 9,919.00 "," 9,919.00 ",," 9,919.00 "," 94,919.00 ",1820,06/18/2026," 85,000.00 "," 85,000.00 "," 9,919.00 "," 9,919.00 ",    ,,,,,    ,    
,6979M,06/12/2026,MOORING,429,INSULAR OIL CORPORATION,MT CASANDRA,CEBU,SPEC PITALO,06/12/2026 16:10,06/13/2026 10:40,18.50,Per Move," 16,800.00 "," 16,800.00 ",," 16,800.00 ",    ,    ,,    ," 16,800.00 ",1820,06/18/2026," 16,800.00 "," 16,800.00 ",    ,    ,    ,,,,,    ,    
,6980U,06/13/2026,UNMOORING,429,INSULAR OIL CORPORATION,MT CASANDRA,CEBU,SPEC PITALO,06/12/2026 16:10,06/13/2026 10:40,18.50,Per Move," 16,800.00 "," 16,800.00 ",," 16,800.00 ",    ,    ,,    ," 16,800.00 ",1820,06/18/2026," 16,800.00 "," 16,800.00 ",    ,    ,    ,,,,,    ,    
,37761,06/25/2026,DOCKING,,"WILHELMSEN-SMITH BELL SHIPPING, INC.",MT INNOVATOR,DAVAO,KTC,06/12/2026 18:30,06/12/2026 22:50,4.33,Per Move," 45,000.00 "," 45,000.00 ",," 45,000.00 "," 31,688.20 "," 31,688.20 ",," 31,688.20 "," 76,688.20 ",B000605,06/25/2026," 45,000.00 "," 45,000.00 "," 31,688.20 "," 31,688.20 ",    ,,,,,    ,    
,35454,06/12/2026,DOCKING,023,VIA MARINE CORPORATION,MT CES,BATANGAS,CHEVRON,06/12/2026 18:35,06/12/2026 20:10,1.58,Per Hour," 39,200.00 "," 61,936.00 ",," 61,936.00 "," 34,237.28 "," 54,094.90 ",," 54,094.90 "," 116,030.90 ",1810,06/17/2026," 39,200.00 "," 61,936.00 "," 34,237.28 "," 54,094.90 ",    ,,,,,    ,    
,26-0336M,06/12/2026,MOORING,023,VIA MARINE CORPORATION,MT CES,BATANGAS,CHEVRON,06/12/2026 18:35,06/12/2026 20:10,1.58,Per Move," 8,960.00 "," 8,960.00 ",," 8,960.00 ",    ,    ,,    ," 8,960.00 ",1810,06/17/2026," 8,960.00 "," 8,960.00 ",    ,    ,    ,,,,,    ,    
,37682,06/25/2026,DOCKING,,"WILHELMSEN-SMITH BELL SHIPPING, INC.",MT INNOVATOR,DAVAO,KTC,06/12/2026 18:35,06/12/2026 22:45,4.17,Per Move," 45,000.00 "," 45,000.00 ",," 45,000.00 "," 31,688.20 "," 31,688.20 ",," 31,688.20 "," 76,688.20 ",B000605,06/25/2026," 45,000.00 "," 45,000.00 "," 31,688.20 "," 31,688.20 ",    ,,,,,    ,    
,35747,06/12/2026,DOCKING,023,VIA MARINE CORPORATION,MT CES,BATANGAS,CHEVRON,06/12/2026 19:05,06/12/2026 20:20,1.25,Per Hour," 39,200.00 "," 49,000.00 ",," 49,000.00 "," 34,237.28 "," 42,796.60 ",," 42,796.60 "," 91,796.60 ",1810,06/17/2026," 39,200.00 "," 49,000.00 "," 34,237.28 "," 42,796.60 ",    ,,,,,    ,    
,26-0335U,06/12/2026,UNMOORING,08,VIA MARINE CORPORATION,MT VERONICA 2,BATANGAS,CHEVRON,06/12/2026 20:10,06/12/2026 21:15,1.08,Per Move," 8,960.00 "," 8,960.00 ",," 8,960.00 ",    ,    ,,    ," 8,960.00 ",1812,06/18/2026," 8,960.00 "," 8,960.00 ",    ,    ,    ,,,,,    ,    
,35455,06/12/2026,UNDOCKING,08,VIA MARINE CORPORATION,MT VERONICA 2,BATANGAS,CHEVRON,06/12/2026 20:10,06/12/2026 21:15,1.08,Per Hour," 39,200.00 "," 42,336.00 ",," 42,336.00 "," 34,237.28 "," 36,976.26 ",," 36,976.26 "," 79,312.26 ",1812,06/18/2026," 39,200.00 "," 42,336.00 "," 34,237.28 "," 36,976.26 ",    ,,,,,    ,    
,31170-A,06/13/2026,DOCKING,,SITE RESOURCES DEVELOPMENT CORPORATION,MT PANGLAO ISLAND,CEBU,SRDC LAPU LAPU,06/13/2026 05:15,06/13/2026 06:10,0.92,Per Move,    ,    ,,    ,    ,    ,,    ,    ,,,    ,    ,    ,    ,    ,,,,,    ,    
,31210-A,06/13/2026,DOCKING,,SITE RESOURCES DEVELOPMENT CORPORATION,MT PANGLAO ISLAND,CEBU,SRDC LAPU LAPU,06/13/2026 05:20,06/13/2026 06:15,0.92,Per Move,    ,    ,,    ,    ,    ,,    ,    ,,,    ,    ,    ,    ,    ,,,,,    ,    
,2026-14M,06/13/2026,MOORING,,SITE RESOURCES DEVELOPMENT CORPORATION,MT PANGLAO ISLAND,CEBU,SRDC LAPU LAPU,06/13/2026 05:42,06/14/2026 01:00,19.30,Per Move," 8,000.00 "," 8,000.00 ",," 8,000.00 ",    ,    ,,    ," 8,000.00 ",,,    ,    ,    ,    ,    ,,,,,    ,    
,2026-14U,06/14/2026,UNMOORING,,SITE RESOURCES DEVELOPMENT CORPORATION,MT PANGLAO ISLAND,CEBU,SRDC LAPU LAPU,06/13/2026 05:42,06/14/2026 01:00,19.30,Per Move," 8,000.00 "," 8,000.00 ",," 8,000.00 ",    ,    ,,    ," 8,000.00 ",,,    ,    ,    ,    ,    ,,,,,    ,    
,00187-A,06/13/2026,UNDOCKING,429,INSULAR OIL CORPORATION,MT CASANDRA,CEBU,SPEC PITALO,06/13/2026 10:01,06/13/2026 11:00,0.98,Per Move," 85,000.00 "," 85,000.00 ",," 85,000.00 "," 9,919.00 "," 9,919.00 ",," 9,919.00 "," 94,919.00 ",1820,06/18/2026," 85,000.00 "," 85,000.00 "," 9,919.00 "," 9,919.00 ",    ,,,,,    ,    
,00047-A,06/13/2026,UNDOCKING,429,INSULAR OIL CORPORATION,MT CASANDRA,CEBU,SPEC PITALO,06/13/2026 10:01,06/13/2026 11:00,0.98,Per Move," 85,000.00 "," 85,000.00 ",," 85,000.00 "," 9,919.00 "," 9,919.00 ",," 9,919.00 "," 94,919.00 ",1820,06/18/2026," 85,000.00 "," 85,000.00 "," 9,919.00 "," 9,919.00 ",    ,,,,,    ,    
,1270004794-A,06/13/2026,UNDOCKING,402,INSULAR OIL CORPORATION,MT AVA,SUBIC,PPC TERMINAL,06/13/2026 11:10,06/13/2026 13:05,1.92,Per Hour," 39,200.00 "," 75,264.00 ",," 75,264.00 "," 32,647.22 "," 62,682.66 ",," 62,682.66 "," 137,946.66 ",1832,06/24/2026," 39,200.00 "," 75,264.00 "," 32,647.22 "," 62,682.66 ",    ,,,,,    ,    
,1740006811-A,06/13/2026,UNDOCKING,402,INSULAR OIL CORPORATION,MT AVA,SUBIC,PPC TERMINAL,06/13/2026 11:15,06/13/2026 13:00,1.75,Per Hour," 39,200.00 "," 68,600.00 ",," 68,600.00 "," 32,647.22 "," 57,132.64 ",," 57,132.64 "," 125,732.64 ",1832,06/24/2026," 39,200.00 "," 68,600.00 "," 32,647.22 "," 57,132.64 ",    ,,,,,    ,    
,28728-A,06/13/2026,DOCKING,,ASTROX  OIL CORPORATION,MT JAN CARLO,BATANGAS,SINISIAN LEMERY BATANGAS PORT,06/13/2026 15:40,06/13/2026 17:15,1.58,Per Move," 150,299.00 "," 150,299.00 ",," 150,299.00 ",    ,    ,,    ," 150,299.00 ",1795,06/13/2026," 150,299.00 "," 150,299.00 ",    ,    ,    ,,,,,    ,    
,37685,06/25/2026,UNDOCKING,,"WILHELMSEN-SMITH BELL SHIPPING, INC.",MT INNOVATOR,DAVAO,KTC,06/13/2026 20:10,06/13/2026 22:50,2.67,Per Move," 45,000.00 "," 45,000.00 ",," 45,000.00 "," 31,688.20 "," 31,688.20 ",," 31,688.20 "," 76,688.20 ",B000605,06/25/2026," 45,000.00 "," 45,000.00 "," 31,688.20 "," 31,688.20 ",    ,,,,,    ,    
,37757,06/25/2026,UNDOCKING,,"WILHELMSEN-SMITH BELL SHIPPING, INC.",MT INNOVATOR,DAVAO,KTC,06/13/2026 20:10,06/13/2026 22:55,2.75,Per Move," 45,000.00 "," 45,000.00 ",," 45,000.00 "," 31,688.20 "," 31,688.20 ",," 31,688.20 "," 76,688.20 ",B000605,06/25/2026," 45,000.00 "," 45,000.00 "," 31,688.20 "," 31,688.20 ",    ,,,,,    ,    
,35456,06/14/2026,UNDOCKING,023,VIA MARINE CORPORATION,MT CES,BATANGAS,CHEVRON,06/14/2026 00:20,06/14/2026 02:10,1.83,Per Hour," 39,200.00 "," 71,736.00 ",," 71,736.00 "," 34,237.28 "," 62,654.23 ",," 62,654.23 "," 134,390.23 ",1810,06/17/2026," 39,200.00 "," 71,736.00 "," 34,237.28 "," 62,654.23 ",    ,,,,,    ,    
,35748,06/14/2026,UNDOCKING,023,VIA MARINE CORPORATION,MT CES,BATANGAS,CHEVRON,06/14/2026 00:34,06/14/2026 01:45,1.18,Per Hour," 39,200.00 "," 46,256.00 ",," 46,256.00 "," 34,237.28 "," 40,399.99 ",," 40,399.99 "," 86,655.99 ",1810,06/17/2026," 39,200.00 "," 46,256.00 "," 34,237.28 "," 40,399.99 ",    ,,,,,    ,    
,26-0336U,06/14/2026,UNMOORING,023,VIA MARINE CORPORATION,MT CES,BATANGAS,CHEVRON,06/14/2026 00:34,06/14/2026 01:45,1.18,Per Move," 8,960.00 "," 8,960.00 ",," 8,960.00 ",    ,    ,,    ," 8,960.00 ",1810,06/17/2026," 8,960.00 "," 8,960.00 ",    ,    ,    ,,,,,    ,    
,31174-A,06/14/2026,UNDOCKING,,SITE RESOURCES DEVELOPMENT CORPORATION,MT PANGLAO ISLAND,CEBU,SRDC LAPU LAPU,06/14/2026 01:05,06/14/2026 01:30,0.42,Per Move,    ,    ,,    ,    ,    ,,    ,    ,,,    ,    ,    ,    ,    ,,,,,    ,    
,31215-A,06/14/2026,UNDOCKING,,SITE RESOURCES DEVELOPMENT CORPORATION,MT PANGLAO ISLAND,CEBU,SRDC LAPU LAPU,06/14/2026 01:05,06/14/2026 01:35,0.50,Per Move,    ,    ,,    ,    ,    ,,    ,    ,,,    ,    ,    ,    ,    ,,,,,    ,    
,37688,06/14/2026,DOCKING,,BEN LINE AGENCIES PHILS INC,MV FUTURE GOLD,DAVAO,KTC,06/14/2026 13:00,06/14/2026 16:00,3.00,Per Move," 75,000.00 "," 75,000.00 ",," 75,000.00 "," 9,919.00 "," 29,757.00 ",," 29,757.00 "," 104,757.00 ",1828,06/24/2026," 75,000.00 "," 75,000.00 "," 9,919.00 "," 29,757.00 ",    ,,,,,    ,    
,37763,06/14/2026,DOCKING,,BEN LINE AGENCIES PHILS INC,MV FUTURE GOLD,DAVAO,KTC,06/14/2026 13:00,06/14/2026 16:10,3.17,Per Move," 75,000.00 "," 75,000.00 ",," 75,000.00 "," 9,919.00 "," 31,443.23 ",," 31,443.23 "," 106,443.23 ",1828,06/24/2026," 75,000.00 "," 75,000.00 "," 9,919.00 "," 31,443.23 ",    ,,,,,    ,    
,37690,06/14/2026,DOCKING,069,SMC SHIPPING AND LIGHTERAGE CORPORATION,SL TINDALO,DAVAO,PETRON SASA,06/14/2026 18:00,06/14/2026 19:20,1.33,Per Move," 50,000.00 "," 50,000.00 ",," 50,000.00 "," 9,919.00 "," 13,192.27 ",," 13,192.27 "," 63,192.27 ",1807,06/17/2026," 50,000.00 "," 50,000.00 "," 9,919.00 "," 13,192.27 ",    ,,,,,    ,    
,37554,06/14/2026,DOCKING,069,SMC SHIPPING AND LIGHTERAGE CORPORATION,SL TINDALO,DAVAO,PETRON SASA,06/14/2026 18:00,06/14/2026 19:15,1.25,Per Move," 50,000.00 "," 50,000.00 ",," 50,000.00 "," 9,919.00 "," 12,398.75 ",," 12,398.75 "," 62,398.75 ",1807,06/17/2026," 50,000.00 "," 50,000.00 "," 9,919.00 "," 12,398.75 ",    ,,,,,    ,    
,37556,06/14/2026,SHIFTING,,WINDBAY SHIPPING AND LOGISTICS INC.,MV EXCELSIOR DIVA,DAVAO,SOUTHERN CONCRETE INDUSTRY INC,06/14/2026 23:40,06/15/2026 00:55,1.25,Per Hour," 76,688.20 "," 95,860.25 ",," 95,860.25 ",    ,    ,,    ," 95,860.25 ",B000602,06/22/2026," 76,688.20 "," 95,860.25 ",    ,    ,    ,,,,,    ,    
,37715,06/14/2026,SHIFTING,,WINDBAY SHIPPING AND LOGISTICS INC.,MV EXCELSIOR DIVA,DAVAO,SOUTHERN CONCRETE INDUSTRY INC,06/14/2026 23:45,06/15/2026 01:20,1.58,Per Hour," 76,688.20 "," 121,167.36 ",," 121,167.36 ",    ,    ,,    ," 121,167.36 ",B000602,06/22/2026," 76,688.20 "," 121,167.36 ",    ,    ,    ,,,,,    ,    
,37557,06/15/2026,TENDING,,WINDBAY SHIPPING AND LOGISTICS INC.,MV EXCELSIOR DIVA,DAVAO,SOUTHERN CONCRETE INDUSTRY INC,06/15/2026 00:55,06/16/2026 12:30,35.58,Per Hour," 22,000.00 "," 782,760.00 ",," 782,760.00 "," 1,500.00 "," 53,370.00 ",," 53,370.00 "," 836,130.00 ",B000602,06/22/2026," 22,000.00 "," 782,760.00 "," 1,500.00 "," 53,370.00 ",    ,,,,,    ,    
,37716,06/15/2026,TENDING,,WINDBAY SHIPPING AND LOGISTICS INC.,MV EXCELSIOR DIVA,DAVAO,SOUTHERN CONCRETE INDUSTRY INC,06/15/2026 01:20,06/16/2026 12:00,34.67,Per Hour," 22,000.00 "," 762,740.00 ",," 762,740.00 "," 1,500.00 "," 52,005.00 ",," 52,005.00 "," 814,745.00 ",B000602,06/22/2026," 22,000.00 "," 762,740.00 "," 1,500.00 "," 52,005.00 ",    ,,,,,    ,    
,37691,06/15/2026,UNDOCKING,069,SMC SHIPPING AND LIGHTERAGE CORPORATION,SL TINDALO,DAVAO,PETRON SASA,06/15/2026 03:30,06/15/2026 04:35,1.08,Per Move," 50,000.00 "," 50,000.00 ",," 50,000.00 "," 9,919.00 "," 10,712.52 ",," 10,712.52 "," 60,712.52 ",1807,06/17/2026," 50,000.00 "," 50,000.00 "," 9,919.00 "," 10,712.52 ",    ,,,,,    ,    
,34513-A,06/15/2026,UNDOCKING,069,SMC SHIPPING AND LIGHTERAGE CORPORATION,SL TINDALO,DAVAO,PETRON SASA,06/15/2026 03:45,06/15/2026 04:35,0.83,Per Move," 50,000.00 "," 50,000.00 ",," 50,000.00 "," 9,919.00 "," 9,919.00 ",," 9,919.00 "," 59,919.00 ",1807,06/17/2026," 50,000.00 "," 50,000.00 "," 9,919.00 "," 9,919.00 ",    ,,,,,    ,    
,34515,06/15/2026,DOCKING,,PHIL-CEB MARINE SERVICES INC.,MV PEARL ORIENT,DAVAO,SASA PORT,06/15/2026 09:00,06/15/2026 10:35,1.58,Per Move," 16,000.00 "," 16,000.00 ",," 16,000.00 "," 9,919.00 "," 15,672.02 ",," 15,672.02 "," 31,672.02 ",1853,06/23/2026," 16,000.00 "," 16,000.00 "," 9,919.00 "," 15,672.02 ",    ,,,,,    ,    
,37764,06/15/2026,DOCKING,,PHIL-CEB MARINE SERVICES INC.,MV PEARL ORIENT,DAVAO,SASA PORT,06/15/2026 09:00,06/15/2026 10:35,1.58,Per Move," 16,000.00 "," 16,000.00 ",," 16,000.00 "," 9,919.00 "," 15,672.02 ",," 15,672.02 "," 31,672.02 ",1853,06/23/2026," 16,000.00 "," 16,000.00 "," 9,919.00 "," 15,672.02 ",    ,,,,,    ,    
,36833,06/15/2026,DOCKING,295,INSULAR OIL CORPORATION,MT CHELSEA ENDURANCE,LEYTE,VISPET,06/15/2026 10:20,06/15/2026 11:50,1.50,Per Move," 45,000.00 "," 45,000.00 ",," 45,000.00 "," 9,919.00 "," 14,878.50 ",," 14,878.50 "," 59,878.50 ",1819,06/18/2026," 45,000.00 "," 45,000.00 "," 9,919.00 "," 14,878.50 ",    ,,,,,    ,    
,31222-A,06/15/2026,DOCKING,,SITE RESOURCES DEVELOPMENT CORPORATION,MT PANGLAO ISLAND,CEBU,SRDC LAPU LAPU,06/15/2026 11:05,06/15/2026 12:15,1.17,Per Move,    ,    ,,    ,    ,    ,,    ,    ,,,    ,    ,    ,    ,    ,,,,,    ,    
,31182-A,06/15/2026,DOCKING,,SITE RESOURCES DEVELOPMENT CORPORATION,MT PANGLAO ISLAND,CEBU,SRDC LAPU LAPU,06/15/2026 11:10,06/15/2026 12:05,0.92,Per Move,    ,    ,,    ,    ,    ,,    ,    ,,,    ,    ,    ,    ,    ,,,,,    ,    
,2026-15M,06/15/2026,MOORING,,SITE RESOURCES DEVELOPMENT CORPORATION,MT PANGLAO ISLAND,CEBU,SRDC LAPU LAPU,06/15/2026 11:54,06/16/2026 02:00,14.10,Per Move,    ,    ,,    ,    ,    ,,    ,    ,,,    ,    ,    ,    ,    ,,,,,    ,    
,2026-15U,06/16/2026,UNMOORING,,SITE RESOURCES DEVELOPMENT CORPORATION,MT PANGLAO ISLAND,CEBU,SRDC LAPU LAPU,06/15/2026 11:54,06/16/2026 02:00,14.10,Per Move," 8,000.00 "," 8,000.00 ",," 8,000.00 ",    ,    ,,    ," 8,000.00 ",,,    ,    ,    ,    ,    ,,,,,    ,    
,31186-A,06/16/2026,UNDOCKING,,SITE RESOURCES DEVELOPMENT CORPORATION,MT PANGLAO ISLAND,CEBU,SRDC LAPU LAPU,06/16/2026 01:45,06/16/2026 02:15,0.50,Per Move,    ,    ,,    ,    ,    ,,    ,    ,,,    ,    ,    ,    ,    ,,,,,    ,    
,31225-A,06/16/2026,UNDOCKING,,SITE RESOURCES DEVELOPMENT CORPORATION,MT PANGLAO ISLAND,CEBU,SRDC LAPU LAPU,06/16/2026 01:45,06/16/2026 02:20,0.58,Per Move,    ,    ,,    ,    ,    ,,    ,    ,,,    ,    ,    ,    ,    ,,,,,    ,    
,37765,06/16/2026,UNDOCKING,,PHIL-CEB MARINE SERVICES INC.,MV PEARL ORIENT,DAVAO,SASA PORT,06/16/2026 03:40,06/16/2026 04:55,1.25,Per Move," 16,000.00 "," 16,000.00 ",," 16,000.00 "," 8,620.50 "," 10,775.63 ",," 10,775.63 "," 26,775.63 ",1853,06/23/2026," 16,000.00 "," 16,000.00 "," 8,620.50 "," 10,775.63 ",    ,,,,,    ,    
,37693,06/16/2026,UNDOCKING,,PHIL-CEB MARINE SERVICES INC.,MV PEARL ORIENT,DAVAO,SASA PORT,06/16/2026 03:40,06/16/2026 04:55,1.25,Per Move," 16,000.00 "," 16,000.00 ",," 16,000.00 "," 8,620.50 "," 10,775.63 ",," 10,775.63 "," 26,775.63 ",1853,06/23/2026," 16,000.00 "," 16,000.00 "," 8,620.50 "," 10,775.63 ",    ,,,,,    ,    
,36834,06/16/2026,UNDOCKING,295,INSULAR OIL CORPORATION,MT CHELSEA ENDURANCE,LEYTE,VISPET,06/16/2026 09:40,06/16/2026 10:55,1.25,Per Move," 45,000.00 "," 45,000.00 ",," 45,000.00 "," 8,620.50 "," 10,775.63 ",," 10,775.63 "," 55,775.63 ",1819,06/18/2026," 45,000.00 "," 45,000.00 "," 8,620.50 "," 10,775.63 ",    ,,,,,    ,    
,34511,06/16/2026,UNDOCKING,,WINDBAY SHIPPING AND LOGISTICS INC.,MV EXCELSIOR DIVA,DAVAO,SOUTHERN CONCRETE INDUSTRY INC,06/16/2026 09:55,06/16/2026 16:15,6.33,Per Move," 275,000.00 "," 275,000.00 ",," 275,000.00 "," 8,620.50 "," 54,567.77 ",," 54,567.77 "," 329,567.77 ",B000600,06/22/2026," 275,000.00 "," 275,000.00 "," 8,620.50 "," 54,567.77 ",    ,,,,,    ,    
,37710,06/16/2026,UNDOCKING,,WINDBAY SHIPPING AND LOGISTICS INC.,MV EXCELSIOR DIVA,DAVAO,SOUTHERN CONCRETE INDUSTRY INC,06/16/2026 12:00,06/16/2026 16:20,4.33,Per Move," 275,000.00 "," 275,000.00 ",," 275,000.00 "," 8,620.50 "," 37,326.77 ",," 37,326.77 "," 312,326.77 ",B000600,06/22/2026," 275,000.00 "," 275,000.00 "," 8,620.50 "," 37,326.77 ",    ,,,,,    ,    
,37549,06/16/2026,UNDOCKING,,WINDBAY SHIPPING AND LOGISTICS INC.,MV EXCELSIOR DIVA,DAVAO,SOUTHERN CONCRETE INDUSTRY INC,06/16/2026 12:30,06/16/2026 16:20,3.83,Per Move," 275,000.00 "," 275,000.00 ",," 275,000.00 "," 8,620.50 "," 33,016.52 ",," 33,016.52 "," 308,016.52 ",B000600,06/22/2026," 275,000.00 "," 275,000.00 "," 8,620.50 "," 33,016.52 ",    ,,,,,    ,    
,37766,06/16/2026,DOCKING,,WINDBAY SHIPPING AND LOGISTICS INC.,MV VW SAFETY,DAVAO,LEGASPI OIL,06/16/2026 12:50,06/16/2026 13:55,1.08,Per Move," 45,000.00 "," 45,000.00 ",," 45,000.00 "," 30,538.10 "," 32,981.15 ",," 32,981.15 "," 77,981.15 ",B000603,06/25/2026," 45,000.00 "," 45,000.00 "," 30,538.10 "," 32,981.15 ",    ,,,,,    ,    
,37694,06/16/2026,DOCKING,,WINDBAY SHIPPING AND LOGISTICS INC.,MV VW SAFETY,DAVAO,LEGASPI OIL,06/16/2026 12:50,06/16/2026 14:00,1.17,Per Move," 45,000.00 "," 45,000.00 ",," 45,000.00 "," 30,538.10 "," 35,729.58 ",," 35,729.58 "," 80,729.58 ",B000603,06/25/2026," 45,000.00 "," 45,000.00 "," 30,538.10 "," 35,729.58 ",    ,,,,,    ,    
,35457,06/23/2026,DOCKING,,VIA MARINE CORPORATION,MT VERONICA 2,BATANGAS,CHEVRON,06/16/2026 18:20,06/16/2026 20:05,1.75,Per Move,    ,    ,,    ,    ,    ,,    ,    ,,,    ,    ,    ,    ,    ,,,,,    ,    
,26-0337M,06/16/2026,MOORING,,VIA MARINE CORPORATION,MT VERONICA 2,BATANGAS,CHEVRON,06/16/2026 18:20,06/16/2026 20:05,1.75,Per Move,    ,    ,,    ,    ,    ,,    ,    ,,,    ,    ,    ,    ,    ,,,,,    ,    
,37695,06/17/2026,DOCKING,012,ISLAS TANKERS SEATRANSPORT CORP.,LPG/C PURE GRACE,DAVAO,SHEL SASA,06/17/2026 02:40,06/17/2026 04:25,1.75,Per Move," 30,000.00 "," 30,000.00 ",," 30,000.00 "," 30,538.10 "," 53,441.68 ",," 53,441.68 "," 83,441.68 ",1837,06/25/2026," 30,000.00 "," 30,000.00 "," 30,538.10 "," 53,441.68 ",    ,,,,,    ,    
,37767,06/17/2026,DOCKING,012,ISLAS TANKERS SEATRANSPORT CORP.,LPG/C PURE GRACE,DAVAO,SHEL SASA,06/17/2026 02:40,06/17/2026 04:35,1.92,Per Move," 30,000.00 "," 30,000.00 ",," 30,000.00 "," 30,538.18 "," 58,633.15 ",," 58,633.15 "," 88,633.15 ",1837,06/25/2026," 30,000.00 "," 30,000.00 "," 30,538.18 "," 58,633.15 ",    ,,,,,    ,    
,37698,06/17/2026,DOCKING,283,INSULAR OIL CORPORATION,MT BULUSAN,DAVAO,INSULAR OIL,06/17/2026 13:40,06/17/2026 14:50,1.17,Per Move," 35,000.00 "," 35,000.00 ",," 35,000.00 "," 8,620.50 "," 10,085.99 ",," 10,085.99 "," 45,085.99 ",1830,06/24/2026," 35,000.00 "," 35,000.00 "," 8,620.50 "," 10,085.99 ",    ,,,,,    ,    
,37558,06/17/2026,DOCKING,283,INSULAR OIL CORPORATION,MT BULUSAN,DAVAO,INSULAR OIL,06/17/2026 13:40,06/17/2026 14:45,1.08,Per Move," 35,000.00 "," 35,000.00 ",," 35,000.00 "," 8,620.50 "," 9,310.14 ",," 9,310.14 "," 44,310.14 ",1830,06/24/2026," 35,000.00 "," 35,000.00 "," 8,620.50 "," 9,310.14 ",    ,,,,,    ,    
,26-0337U,06/17/2026,UNMOORING,,VIA MARINE CORPORATION,MT VERONICA 2,BATANGAS,CHEVRON,06/17/2026 13:55,06/17/2026 15:20,1.42,Per Move,    ,    ,,    ,    ,    ,,    ,    ,,,    ,    ,    ,    ,    ,,,,,    ,    
,35749,06/17/2026,DOCKING,035,HERMA SHIPPING AND TRANSPORT CORPORATION,MT MALAWIG,BATANGAS,PETRON MABINI,06/17/2026 14:00,06/17/2026 16:40,2.67,Per Move," 121,520.00 "," 121,520.00 ",," 121,520.00 "," 8,620.50 "," 23,016.74 ",," 23,016.74 "," 144,536.74 ",1803,06/24/2026," 121,520.00 "," 121,520.00 "," 8,620.50 "," 23,016.74 ",    ,,,,,    ,    
,35458,06/17/2026,DOCKING,035,HERMA SHIPPING AND TRANSPORT CORPORATION,MT MALAWIG,BATANGAS,PETRON MABINI,06/17/2026 14:15,06/17/2026 16:55,2.67,Per Move," 121,520.00 "," 121,520.00 ",," 121,520.00 "," 8,620.50 "," 23,016.74 ",," 23,016.74 "," 144,536.74 ",1803,06/24/2026," 121,520.00 "," 121,520.00 "," 8,620.50 "," 23,016.74 ",    ,,,,,    ,    
,37768,06/17/2026,DOCKING,,PHIL-CEB MARINE SERVICES INC.,MV SPAN 72,DAVAO,SASA PORT,06/17/2026 16:10,06/17/2026 17:20,1.17,Per Move," 16,000.00 "," 16,000.00 ",," 16,000.00 "," 8,620.50 "," 10,085.99 ",," 10,085.99 "," 26,085.99 ",1854,06/23/2026," 16,000.00 "," 16,000.00 "," 8,620.50 "," 10,085.99 ",    ,,,,,    ,    
,37699,06/17/2026,DOCKING,,PHIL-CEB MARINE SERVICES INC.,MV SPAN 72,DAVAO,SASA PORT,06/17/2026 16:20,06/17/2026 17:30,1.17,Per Move," 16,000.00 "," 16,000.00 ",," 16,000.00 "," 8,620.50 "," 10,085.99 ",," 10,085.99 "," 26,085.99 ",1854,06/23/2026," 16,000.00 "," 16,000.00 "," 8,620.50 "," 10,085.99 ",    ,,,,,    ,    
,37696,06/17/2026,UNDOCKING,012,ISLAS TANKERS SEATRANSPORT CORP.,LPG/C PURE GRACE,DAVAO,SHEL SASA,06/17/2026 22:40,06/17/2026 23:40,1.00,Per Move," 30,000.00 "," 30,000.00 ",," 30,000.00 "," 30,538.10 "," 30,538.10 ",," 30,538.10 "," 60,538.10 ",1837,06/25/2026," 30,000.00 "," 30,000.00 "," 30,538.10 "," 30,538.10 ",    ,,,,,    ,    
,37770,06/17/2026,UNDOCKING,012,ISLAS TANKERS SEATRANSPORT CORP.,LPG/C PURE GRACE,DAVAO,SHEL SASA,06/17/2026 22:40,06/17/2026 23:30,0.83,Per Move," 30,000.00 "," 30,000.00 ",," 30,000.00 "," 30,538.10 "," 30,538.10 ",," 30,538.10 "," 60,538.10 ",1837,06/25/2026," 30,000.00 "," 30,000.00 "," 30,538.10 "," 30,538.10 ",    ,,,,,    ,    
,35459,06/18/2026,UNDOCKING,035,HERMA SHIPPING AND TRANSPORT CORPORATION,MT MALAWIG,BATANGAS,PETRON MABINI,06/18/2026 09:15,06/18/2026 11:10,1.92,Per Move," 121,520.00 "," 121,520.00 ",," 121,520.00 "," 8,620.50 "," 16,551.36 ",," 16,551.36 "," 138,071.36 ",1803,06/24/2026," 121,520.00 "," 121,520.00 "," 8,620.50 "," 16,551.36 ",    ,,,,,    ,    
,35750,06/18/2026,UNDOCKING,035,HERMA SHIPPING AND TRANSPORT CORPORATION,MT MALAWIG,BATANGAS,PETRON MABINI,06/18/2026 09:25,06/18/2026 11:20,1.92,Per Move," 121,520.00 "," 121,520.00 ",," 121,520.00 "," 8,620.50 "," 16,551.36 ",," 16,551.36 "," 138,071.36 ",1803,06/24/2026," 121,520.00 "," 121,520.00 "," 8,620.50 "," 16,551.36 ",    ,,,,,    ,    
,35460,06/18/2026,UNDOCKING,,VIA MARINE CORPORATION,MT VERONICA 2,BATANGAS,CHEVRON,06/18/2026 13:55,06/18/2026 15:20,1.42,Per Move,    ,    ,,    ,    ,    ,,    ,    ,,,    ,    ,    ,    ,    ,,,,,    ,    
,37689,06/18/2026,UNDOCKING,,BEN LINE AGENCIES PHILS INC,MV FUTURE GOLD,DAVAO,KTC,06/18/2026 14:50,06/18/2026 17:30,2.67,Per Move," 75,000.00 "," 75,000.00 ",," 75,000.00 "," 8,620.50 "," 23,016.74 ",," 23,016.74 "," 98,016.74 ",1828,06/24/2026," 75,000.00 "," 75,000.00 "," 8,620.50 "," 23,016.74 ",    ,,,,,    ,    
,37762,06/18/2026,UNDOCKING,,BEN LINE AGENCIES PHILS INC,MV FUTURE GOLD,DAVAO,KTC,06/18/2026 14:55,06/18/2026 17:30,2.58,Per Move," 75,000.00 "," 75,000.00 ",," 75,000.00 "," 8,620.50 "," 22,240.89 ",," 22,240.89 "," 97,240.89 ",1828,06/24/2026," 75,000.00 "," 75,000.00 "," 8,620.50 "," 22,240.89 ",    ,,,,,    ,    
,35851,06/18/2026,DOCKING,534,ISLAS TANKERS SEATRANSPORT CORP.,MT MASBATE ISLAND,BATANGAS,CHEVRON,06/18/2026 15:00,06/18/2026 16:20,1.33,Per Hour," 35,000.00 "," 46,550.00 ",," 46,550.00 "," 29,410.50 "," 39,115.97 ",," 39,115.97 "," 85,665.97 ",1838,06/25/2026," 35,000.00 "," 46,550.00 "," 29,410.50 "," 39,115.97 ",    ,,,,,    ,    
,26-0338M,06/18/2026,MOORING,534,ISLAS TANKERS SEATRANSPORT CORP.,MT MASBATE ISLAND,BATANGAS,CHEVRON,06/18/2026 15:00,06/18/2026 16:20,1.33,Per Move," 8,000.00 "," 8,000.00 ",," 8,000.00 ",    ,    ,,    ," 8,000.00 ",1838,06/25/2026," 8,000.00 "," 8,000.00 ",    ,    ,    ,,,,,    ,    
,35461,06/18/2026,DOCKING,534,ISLAS TANKERS SEATRANSPORT CORP.,MT MASBATE ISLAND,BATANGAS,CHEVRON,06/18/2026 15:25,06/18/2026 16:45,1.33,Per Hour," 35,000.00 "," 46,550.00 ",," 46,550.00 "," 29,410.50 "," 39,115.97 ",," 39,115.97 "," 85,665.97 ",1838,06/25/2026," 35,000.00 "," 46,550.00 "," 29,410.50 "," 39,115.97 ",    ,,,,,    ,    
,37717,06/18/2026,UNDOCKING,,PHIL-CEB MARINE SERVICES INC.,MV SPAN 72,DAVAO,SASA PORT,06/18/2026 15:40,06/18/2026 16:45,1.08,Per Move," 16,000.00 "," 16,000.00 ",," 16,000.00 "," 8,620.50 "," 9,310.14 ",," 9,310.14 "," 25,310.14 ",1854,06/23/2026," 16,000.00 "," 16,000.00 "," 8,620.50 "," 9,310.14 ",    ,,,,,    ,    
,37560,06/18/2026,UNDOCKING,,PHIL-CEB MARINE SERVICES INC.,MV SPAN 72,DAVAO,SASA PORT,06/18/2026 15:55,06/18/2026 16:45,0.83,Per Move," 16,000.00 "," 16,000.00 ",," 16,000.00 "," 8,620.50 "," 8,620.50 ",," 8,620.50 "," 24,620.50 ",1854,06/23/2026," 16,000.00 "," 16,000.00 "," 8,620.50 "," 8,620.50 ",    ,,,,,    ,    
,35462,06/19/2026,DOCKING,,SITE RESOURCES DEVELOPMENT CORPORATION,MT PANGLAO ISLAND,BATANGAS,SRDC,06/19/2026 16:15,06/19/2026 18:05,1.83,Per Move,    ,    ,,    ,    ,    ,,    ,    ,,,    ,    ,    ,    ,    ,,,,,    ,    
,26-0339M,06/19/2026,MOORING,,SITE RESOURCES DEVELOPMENT CORPORATION,MT PANGLAO ISLAND,BATANGAS,SRDC,06/19/2026 16:18,06/19/2026 18:05,1.78,Per Move,    ,    ,,    ,    ,    ,,    ,    ,,,    ,    ,    ,    ,    ,,,,,    ,    
,35852,06/19/2026,DOCKING,,SITE RESOURCES DEVELOPMENT CORPORATION,MT PANGLAO ISLAND,BATANGAS,SRDC,06/19/2026 16:30,06/19/2026 17:40,1.17,Per Move,    ,    ,,    ,    ,    ,,    ,    ,,,    ,    ,    ,    ,    ,,,,,    ,    
,37692,06/19/2026,UNDOCKING,,WINDBAY SHIPPING AND LOGISTICS INC.,MV VW SAFETY,DAVAO,LEGASPI OIL,06/19/2026 16:30,06/19/2026 17:15,0.75,Per Move," 45,000.00 "," 45,000.00 ",," 45,000.00 "," 30,538.10 "," 30,538.10 ",," 30,538.10 "," 75,538.10 ",B000603,06/25/2026," 45,000.00 "," 45,000.00 "," 30,538.10 "," 30,538.10 ",    ,,,,,    ,    
,37771,06/19/2026,UNDOCKING,,WINDBAY SHIPPING AND LOGISTICS INC.,MV VW SAFETY,DAVAO,LEGASPI OIL,06/19/2026 16:40,06/19/2026 17:20,0.67,Per Move," 45,000.00 "," 45,000.00 ",," 45,000.00 "," 30,538.10 "," 30,538.10 ",," 30,538.10 "," 75,538.10 ",B000603,06/25/2026," 45,000.00 "," 45,000.00 "," 30,538.10 "," 30,538.10 ",    ,,,,,    ,    
,35853,06/20/2026,UNDOCKING,534,ISLAS TANKERS SEATRANSPORT CORP.,MT MASBATE ISLAND,BATANGAS,CHEVRON,06/20/2026 09:25,06/20/2026 10:50,1.42,Per Hour," 35,000.00 "," 49,700.00 ",," 49,700.00 "," 29,410.50 "," 41,762.91 ",," 41,762.91 "," 91,462.91 ",1838,06/25/2026," 35,000.00 "," 49,700.00 "," 29,410.50 "," 41,762.91 ",    ,,,,,    ,    
,35463,06/20/2026,UNDOCKING,534,ISLAS TANKERS SEATRANSPORT CORP.,MT MASBATE ISLAND,BATANGAS,CHEVRON,06/20/2026 09:25,06/20/2026 11:20,1.92,Per Hour," 35,000.00 "," 67,200.00 ",," 67,200.00 "," 29,410.50 "," 56,468.16 ",," 56,468.16 "," 123,668.16 ",1838,06/25/2026," 35,000.00 "," 67,200.00 "," 29,410.50 "," 56,468.16 ",    ,,,,,    ,    
,26-0338U,06/20/2026,UNMOORING,534,ISLAS TANKERS SEATRANSPORT CORP.,MT MASBATE ISLAND,BATANGAS,CHEVRON,06/20/2026 09:25,06/20/2026 10:50,1.42,Per Move," 8,000.00 "," 8,000.00 ",," 8,000.00 ",    ,    ,,    ," 8,000.00 ",1838,06/25/2026," 8,000.00 "," 8,000.00 ",    ,    ,    ,,,,,    ,    
,37697,06/20/2026,UNDOCKING,283,INSULAR OIL CORPORATION,MT BULUSAN,DAVAO,INSULAR OIL,06/20/2026 17:00,06/20/2026 17:45,0.75,Per Move," 35,000.00 "," 35,000.00 ",," 35,000.00 "," 8,620.50 "," 8,620.50 ",," 8,620.50 "," 43,620.50 ",1830,06/24/2026," 35,000.00 "," 35,000.00 "," 8,620.50 "," 8,620.50 ",    ,,,,,    ,    
,37559,06/20/2026,UNDOCKING,283,INSULAR OIL CORPORATION,MT BULUSAN,DAVAO,INSULAR OIL,06/20/2026 17:20,06/20/2026 17:45,0.42,Per Move," 35,000.00 "," 35,000.00 ",," 35,000.00 "," 8,620.50 "," 8,620.50 ",," 8,620.50 "," 43,620.50 ",1830,06/24/2026," 35,000.00 "," 35,000.00 "," 8,620.50 "," 8,620.50 ",    ,,,,,    ,    
,35854,06/20/2026,UNDOCKING,,SITE RESOURCES DEVELOPMENT CORPORATION,MT PANGLAO ISLAND,BATANGAS,SRDC,06/20/2026 21:32,06/20/2026 22:30,0.97,Per Move,    ,    ,,    ,    ,    ,,    ,    ,,,    ,    ,    ,    ,    ,,,,,    ,    
,26-0339U,06/20/2026,DOCKING,,SITE RESOURCES DEVELOPMENT CORPORATION,MT PANGLAO ISLAND,BATANGAS,SRDC,06/20/2026 21:32,06/20/2026 22:30,0.97,Per Move,    ,    ,,    ,    ,    ,,    ,    ,,,    ,    ,    ,    ,    ,,,,,    ,    
,37801,06/20/2026,DOCKING,,PHIL-CEB MARINE SERVICES INC.,MV SAN RAFAEL DOS,DAVAO,SASA PORT,06/20/2026 23:20,06/21/2026 00:50,1.50,Per Move," 16,000.00 "," 16,000.00 ",," 16,000.00 "," 8,620.50 "," 12,930.75 ",," 12,930.75 "," 28,930.75 ",1855,06/24/2026," 16,000.00 "," 16,000.00 "," 8,620.50 "," 12,930.75 ",    ,,,,,    ,    
,37772,06/20/2026,DOCKING,,PHIL-CEB MARINE SERVICES INC.,MV SAN RAFAEL DOS,DAVAO,SASA PORT,06/20/2026 23:30,06/21/2026 00:50,1.33,Per Move," 16,000.00 "," 16,000.00 ",," 16,000.00 "," 8,620.50 "," 11,465.27 ",," 11,465.27 "," 27,465.27 ",1855,06/24/2026," 16,000.00 "," 16,000.00 "," 8,620.50 "," 11,465.27 ",    ,,,,,    ,    
,35602,06/21/2026,DOCKING,,HERMA SHIPPING AND TRANSPORT CORPORATION,MT MASINOP,BATANGAS,SOUTH POINT TERMINAL INC.,06/21/2026 04:40,06/21/2026 07:15,2.58,Per Move,    ,    ,,    ,    ,    ,,    ,    ,,,    ,    ,    ,    ,    ,,,,,    ,    
,35601,06/21/2026,DOCKING,,HERMA SHIPPING AND TRANSPORT CORPORATION,MT MASINOP,BATANGAS,SOUTH POINT TERMINAL INC.,06/21/2026 04:50,06/21/2026 07:10,2.33,Per Move,    ,    ,,    ,    ,    ,,    ,    ,,,    ,    ,    ,    ,    ,,,,,    ,    
,37803,06/21/2026,DOCKING,430,INSULAR OIL CORPORATION,MT CASANDRA,DAVAO,INSULAR OIL,06/21/2026 05:40,06/21/2026 06:45,1.08,Per Move," 35,000.00 "," 35,000.00 ",," 35,000.00 "," 8,620.50 "," 9,310.14 ",," 9,310.14 "," 44,310.14 ",1831,06/24/2026," 35,000.00 "," 35,000.00 "," 8,620.50 "," 9,310.14 ",    ,,,,,    ,    
,34516,06/21/2026,DOCKING,430,INSULAR OIL CORPORATION,MT CASANDRA,DAVAO,INSULAR OIL,06/21/2026 05:45,06/21/2026 06:45,1.00,Per Move," 35,000.00 "," 35,000.00 ",," 35,000.00 "," 8,620.50 "," 8,620.50 ",," 8,620.50 "," 43,620.50 ",1831,06/24/2026," 35,000.00 "," 35,000.00 "," 8,620.50 "," 8,620.50 ",    ,,,,,    ,    
,37561,06/21/2026,DOCKING,,NARRA TANKERS CORPORATION,NTC HARIBON,DAVAO,PETRON SASA,06/21/2026 14:20,06/21/2026 15:10,0.83,Per Move," 50,000.00 "," 50,000.00 ",," 50,000.00 "," 8,620.50 "," 8,620.50 ",," 8,620.50 "," 58,620.50 ",1833,06/25/2026," 50,000.00 "," 50,000.00 "," 8,620.50 "," 8,620.50 ",    ,,,,,    ,    
,37807,06/21/2026,DOCKING,,NARRA TANKERS CORPORATION,NTC HARIBON,DAVAO,PETRON SASA,06/21/2026 14:20,06/21/2026 15:10,0.83,Per Move," 50,000.00 "," 50,000.00 ",," 50,000.00 "," 8,620.50 "," 8,620.50 ",," 8,620.50 "," 58,620.50 ",1833,06/25/2026," 50,000.00 "," 50,000.00 "," 8,620.50 "," 8,620.50 ",    ,,,,,    ,    
,37805,06/21/2026,DOCKING,,ANIMO MARINE HAUELERS SHIP MANAGEMENT CORP.,MTKR MARISEL,DAVAO,PHOENIX SASA,06/21/2026 15:15,06/21/2026 16:15,1.00,Per Move," 30,000.00 "," 30,000.00 ",," 30,000.00 "," 30,538.10 "," 30,538.10 ",," 30,538.10 "," 60,538.10 ",1851,06/23/2026," 30,000.00 "," 30,000.00 "," 30,538.10 "," 30,538.10 ",    ,,,,,    ,    
,35603,06/21/2026,UNDOCKING,,HERMA SHIPPING AND TRANSPORT CORPORATION,MT MASINOP,BATANGAS,SOUTH POINT TERMINAL INC.,06/21/2026 18:05,06/21/2026 19:40,1.58,Per Move,    ,    ,,    ,    ,    ,,    ,    ,,,    ,    ,    ,    ,    ,,,,,    ,    
,35604,06/21/2026,UNDOCKING,,HERMA SHIPPING AND TRANSPORT CORPORATION,MT MASINOP,BATANGAS,SOUTH POINT TERMINAL INC.,06/21/2026 18:15,06/21/2026 19:40,1.42,Per Move,    ,    ,,    ,    ,    ,,    ,    ,,,    ,    ,    ,    ,    ,,,,,    ,    
,37804,06/21/2026,UNDOCKING,430,INSULAR OIL CORPORATION,MT CASANDRA,DAVAO,INSULAR OIL,06/21/2026 19:40,06/21/2026 20:25,0.75,Per Move," 35,000.00 "," 35,000.00 ",," 35,000.00 "," 8,620.50 "," 8,620.50 ",," 8,620.50 "," 43,620.50 ",1831,06/24/2026," 35,000.00 "," 35,000.00 "," 8,620.50 "," 8,620.50 ",    ,,,,,    ,    
,34517,06/21/2026,UNDOCKING,430,INSULAR OIL CORPORATION,MT CASANDRA,DAVAO,INSULAR OIL,06/21/2026 19:45,06/21/2026 20:20,0.58,Per Move," 35,000.00 "," 35,000.00 ",," 35,000.00 "," 8,620.50 "," 8,620.50 ",," 8,620.50 "," 43,620.50 ",1831,06/24/2026," 35,000.00 "," 35,000.00 "," 8,620.50 "," 8,620.50 ",    ,,,,,    ,    
,37773,06/22/2026,UNDOCKING,,PHIL-CEB MARINE SERVICES INC.,MV SAN RAFAEL DOS,DAVAO,SASA PORT,06/22/2026 00:30,06/22/2026 01:10,0.67,Per Move," 16,000.00 "," 16,000.00 ",," 16,000.00 "," 8,620.50 "," 8,620.50 ",," 8,620.50 "," 24,620.50 ",1855,06/24/2026," 16,000.00 "," 16,000.00 "," 8,620.50 "," 8,620.50 ",    ,,,,,    ,    
,37802,06/22/2026,UNDOCKING,,PHIL-CEB MARINE SERVICES INC.,MV SAN RAFAEL DOS,DAVAO,SASA PORT,06/22/2026 00:30,06/22/2026 01:10,0.67,Per Move," 16,000.00 "," 16,000.00 ",," 16,000.00 "," 8,620.50 "," 8,620.50 ",," 8,620.50 "," 24,620.50 ",1855,06/24/2026," 16,000.00 "," 16,000.00 "," 8,620.50 "," 8,620.50 ",    ,,,,,    ,    
,35465,06/22/2026,DOCKING,,HERMA SHIPPING AND TRANSPORT CORPORATION,MT MASINOP,BATANGAS,CHEVRON,06/22/2026 00:40,06/22/2026 02:30,1.83,Per Move,    ,    ,,    ,    ,    ,,    ,    ,,,    ,    ,    ,    ,    ,,,,,    ,    
,36835,06/22/2026,DOCKING,,INSULAR OIL CORPORATION,MT CHELSEA ENDURANCE,LEYTE,VISPET,06/22/2026 09:00,06/22/2026 10:45,1.75,Per Move,    ,    ,,    ,    ,    ,,    ,    ,,,    ,    ,    ,    ,    ,,,,,    ,    
,35414-A,06/22/2026,DOCKING,,INSULAR OIL CORPORATION,MT BULUSAN II,BATANGAS,SINISIAN LEMERY BATANGAS PORT,06/22/2026 10:15,06/22/2026 11:20,1.08,Per Move,    ,    ,,    ,    ,    ,,    ,    ,,,    ,    ,    ,    ,    ,,,,,    ,    
,37806,06/22/2026,UNDOCKING,,ANIMO MARINE HAUELERS SHIP MANAGEMENT CORP.,MTKR MARISEL,DAVAO,PHOENIX SASA,06/22/2026 12:10,06/22/2026 13:10,1.00,Per Move," 30,000.00 "," 30,000.00 ",," 30,000.00 "," 30,538.10 "," 30,538.10 ",," 30,538.10 "," 60,538.10 ",1851,06/23/2026," 30,000.00 "," 30,000.00 "," 30,538.10 "," 30,538.10 ",    ,,,,,    ,    
,35855,06/23/2026,DOCKING,,HERMA SHIPPING AND TRANSPORT CORPORATION,MT MATAPAT,BATANGAS,PETRON MABINI,06/23/2026 00:05,06/23/2026 02:50,2.75,Per Move,    ,    ,,    ,    ,    ,,    ,    ,,,    ,    ,    ,    ,    ,,,,,    ,    
,37808,06/23/2026,UNDOCKING,,NARRA TANKERS CORPORATION,NTC HARIBON,DAVAO,PETRON SASA,06/23/2026 00:10,06/23/2026 01:25,1.25,Per Move," 50,000.00 "," 50,000.00 ",," 50,000.00 "," 5,456.50 "," 6,820.63 ",," 6,820.63 "," 56,820.63 ",1833,06/25/2026," 50,000.00 "," 50,000.00 "," 5,456.50 "," 6,820.63 ",    ,,,,,    ,    
,34518,06/23/2026,UNDOCKING,,NARRA TANKERS CORPORATION,NTC HARIBON,DAVAO,PETRON SASA,06/23/2026 00:35,06/23/2026 01:25,0.83,Per Move," 50,000.00 "," 50,000.00 ",," 50,000.00 "," 5,456.50 "," 5,456.50 ",," 5,456.50 "," 55,456.50 ",1833,06/25/2026," 50,000.00 "," 50,000.00 "," 5,456.50 "," 5,456.50 ",    ,,,,,    ,    
,35467,06/23/2026,UNDOCKING,,HERMA SHIPPING AND TRANSPORT CORPORATION,MT MASINOP,BATANGAS,CHEVRON,06/23/2026 03:45,06/23/2026 04:15,0.50,Per Move,    ,    ,,    ,    ,    ,,    ,    ,,,    ,    ,    ,    ,    ,,,,,    ,    
,35605-A,06/23/2026,UNDOCKING,,INSULAR OIL CORPORATION,MT BULUSAN II,BATANGAS,SINISIAN LEMERY BATANGAS PORT,06/23/2026 06:30,06/23/2026 07:40,1.17,Per Move,    ,    ,,    ,    ,    ,,    ,    ,,,    ,    ,    ,    ,    ,,,,,    ,    
,35468,06/23/2026,UNDOCKING,,HERMA SHIPPING AND TRANSPORT CORPORATION,MT MATAPAT,BATANGAS,PETRON MABINI,06/23/2026 18:55,06/23/2026 20:45,1.83,Per Move,    ,    ,,    ,    ,    ,,    ,    ,,,    ,    ,    ,    ,    ,,,,,    ,    
,35469,06/23/2026,DOCKING,,SITE RESOURCES DEVELOPMENT CORPORATION,MT PANGLAO ISLAND,BATANGAS,SRDC,06/23/2026 23:05,06/24/2026 01:10,2.08,Per Move,    ,    ,,    ,    ,    ,,    ,    ,,,    ,    ,    ,    ,    ,,,,,    ,    
,35466,06/23/2026,DOCKING,,HERMA SHIPPING AND TRANSPORT CORPORATION,MT MATAPAT,BATANGAS,PETRON MABINI,06/23/2026 23:50,06/24/2026 03:20,3.50,Per Move,    ,    ,,    ,    ,    ,,    ,    ,,,    ,    ,    ,    ,    ,,,,,    ,    
,35470,06/24/2026,UNDOCKING,,SITE RESOURCES DEVELOPMENT CORPORATION,MT PANGLAO ISLAND,BATANGAS,SRDC,06/24/2026 15:50,06/24/2026 16:25,0.58,Per Move,    ,    ,,    ,    ,    ,,    ,    ,,,    ,    ,    ,    ,    ,,,,,    ,    
,35607-A,06/25/2026,DOCKING,,INSULAR OIL CORPORATION,MT CHELSEA CHARLIZE,BATANGAS,SINISIAN LEMERY BATANGAS PORT,06/25/2026 07:05,06/25/2026 08:35,1.50,Per Move,    ,    ,,    ,    ,    ,,    ,    ,,,    ,    ,    ,    ,    ,,,,,    ,    
,35616-A,06/25/2026,DOCKING,,INSULAR OIL CORPORATION,MT CHELSEA CHARLIZE,BATANGAS,SINISIAN LEMERY BATANGAS PORT,06/25/2026 07:20,06/25/2026 08:40,1.33,Per Move,    ,    ,,    ,    ,    ,,    ,    ,,,    ,    ,    ,    ,    ,,,,,    ,    
,35615-A,06/26/2026,UNDOCKING,,INSULAR OIL CORPORATION,MT CHELSEA CHARLIZE,BATANGAS,SINISIAN LEMERY BATANGAS PORT,06/26/2026 01:20,06/26/2026 02:35,1.25,Per Move,    ,    ,,    ,    ,    ,,    ,    ,,,    ,    ,    ,    ,    ,,,,,    ,    
,,,,,,,,,,,,TOTAL,," 15,615,425.11 ",," 15,615,425.11 ",," 4,405,793.64 ",," 4,405,793.64 "," 20,021,218.75 ",,,," 15,631,425.11 ",," 4,405,793.64 ",    ,,,,,    ,    
,,,,,,,,,,,,,,,,,,,,,,,,,,,,,,,,,,
