RECID,DATE,CUSTNO,PORT,TERMINAL,SERVICE,DISPATCH,BAF,CREATEDBY,CREATEDDAT,TYPE,VESSEL
421,2025-02-01,0001,003,003-004,001,285710.0,0.0,2265,2025-02-04 13:59:35.999000,F,
422,2025-02-01,0001,003,003-004,002,285710.0,0.0,2265,2025-02-04 13:59:35.999000,F,
423,2025-02-01,0001,004,004-001,001,80000.0,37269.75,2265,2025-02-04 13:59:35.999000,F,
424,2025-02-01,0001,004,004-001,002,80000.0,37269.75,2265,2025-02-04 13:59:35.999000,F,
425,2025-02-01,0001,004,004-001,010,22000.0,423.25,2265,2025-02-04 13:59:35.999000,F,
426,2025-02-01,0001,004,004-001,012,46000.0,37269.75,2265,2025-02-04 13:59:35.999000,F,
427,2025-02-01,0001,005,005-005,001,45000.0,14368.5,2265,2025-02-04 13:59:35.999000,F,
428,2025-02-01,0001,005,005-005,002,45000.0,14368.5,2265,2025-02-04 13:59:35.999000,F,
429,2025-02-01,0001,005,005-005,010,22000.0,423.45,2265,2025-02-04 13:59:35.999000,F,
430,2025-02-01,0001,007,007-001,001,500000.0,0.0,2265,2025-02-04 13:59:35.999000,F,
431,2025-02-01,0001,007,007-001,002,500000.0,0.0,2265,2025-02-04 13:59:35.999000,F,
432,2025-02-01,0001,007,007-001,012,50000.0,0.0,2265,2025-02-04 13:59:35.999000,F,
433,2025-02-01,0001,008,008-001,001,500000.0,0.0,2265,2025-02-04 13:59:35.999000,F,
434,2025-02-01,0001,008,008-001,002,500000.0,0.0,2265,2025-02-04 13:59:35.999000,F,
435,2025-02-01,0001,008,008-001,012,50000.0,0.0,2265,2025-02-04 13:59:35.999000,F,
436,2025-02-01,0001,009,009-001,001,35000.0,13674.1,2265,2025-02-04 13:59:35.999000,F,
437,2025-02-01,0001,009,009-001,002,35000.0,13674.1,2265,2025-02-04 13:59:35.999000,F,
438,2025-02-01,0001,009,009-002,001,35000.0,13674.1,2265,2025-02-04 13:59:35.999000,F,
439,2025-02-01,0001,009,009-002,002,35000.0,13674.1,2265,2025-02-04 13:59:35.999000,F,
440,2025-02-01,0006,003,003-004,001,285710.0,0.0,2265,2025-02-04 13:59:35.999000,F,
441,2025-02-01,0006,003,003-004,002,285710.0,0.0,2265,2025-02-04 13:59:35.999000,F,
442,2025-02-01,0006,004,004-001,001,80000.0,37269.75,2265,2025-02-04 13:59:35.999000,F,
443,2025-02-01,0006,004,004-001,002,80000.0,37269.75,2265,2025-02-04 13:59:35.999000,F,
444,2025-02-01,0006,004,004-001,010,22000.0,423.25,2265,2025-02-04 13:59:35.999000,F,
445,2025-02-01,0006,004,004-001,012,46000.0,37269.75,2265,2025-02-04 13:59:35.999000,F,
446,2025-02-01,0006,005,005-005,001,45000.0,14368.5,2265,2025-02-04 13:59:35.999000,F,
447,2025-02-01,0006,005,005-005,002,45000.0,14368.5,2265,2025-02-04 13:59:35.999000,F,
448,2025-02-01,0006,005,005-005,010,22000.0,423.45,2265,2025-02-04 13:59:35.999000,F,
449,2025-02-01,0006,005,005-011,001,45000.0,14368.5,2265,2025-02-04 13:59:35.999000,F,
450,2025-02-01,0006,005,005-011,002,45000.0,14368.5,2265,2025-02-04 13:59:35.999000,F,
451,2025-02-01,0006,007,007-001,001,500000.0,0.0,2265,2025-02-04 13:59:35.999000,F,
452,2025-02-01,0006,007,007-001,002,500000.0,0.0,2265,2025-02-04 13:59:35.999000,F,
453,2025-02-01,0006,007,007-001,012,50000.0,0.0,2265,2025-02-04 13:59:35.999000,F,
454,2025-02-01,0006,008,008-001,001,500000.0,0.0,2265,2025-02-04 13:59:35.999000,F,
455,2025-02-01,0006,008,008-001,002,500000.0,0.0,2265,2025-02-04 13:59:35.999000,F,
456,2025-02-01,0006,008,008-001,012,50000.0,0.0,2265,2025-02-04 13:59:35.999000,F,
457,2025-02-01,0006,009,009-001,001,35000.0,13674.1,2265,2025-02-04 13:59:35.999000,F,
458,2025-02-01,0006,009,009-001,002,35000.0,13674.1,2265,2025-02-04 13:59:35.999000,F,
459,2025-02-01,0006,009,009-002,001,35000.0,13674.1,2265,2025-02-04 13:59:35.999000,F,
460,2025-02-01,0006,009,009-002,002,35000.0,13674.1,2265,2025-02-04 13:59:35.999000,F,
461,2025-02-01,0007,003,003-001,001,55000.0,0.0,2265,2025-02-04 13:59:35.999000,L,
462,2025-02-01,0007,003,003-001,002,55000.0,0.0,2265,2025-02-04 13:59:35.999000,L,
463,2025-02-01,0007,003,003-004,001,285710.0,0.0,2265,2025-02-04 13:59:35.999000,L,
464,2025-02-01,0007,003,003-004,002,285710.0,0.0,2265,2025-02-04 13:59:35.999000,L,
465,2025-02-01,0007,004,004-001,001,35000.0,37269.75,2265,2025-02-04 13:59:35.999000,L,
466,2025-02-01,0007,004,004-001,002,35000.0,37269.75,2265,2025-02-04 13:59:35.999000,L,
467,2025-02-01,0007,004,004-001,010,22000.0,423.25,2265,2025-02-04 13:59:35.999000,L,
468,2025-02-01,0007,004,004-003,001,85000.0,0.0,2265,2025-02-04 13:59:35.999000,L,
469,2025-02-01,0007,004,004-003,002,85000.0,0.0,2265,2025-02-04 13:59:35.999000,L,
470,2025-02-01,0007,005,005-005,001,35000.0,0.0,2265,2025-02-04 13:59:35.999000,L,
471,2025-02-01,0007,005,005-005,002,35000.0,0.0,2265,2025-02-04 13:59:35.999000,L,
472,2025-02-02,0007,005,005-005,010,22000.0,0.0,2265,2025-02-04 13:59:35.999000,L,
473,2025-02-01,0007,005,005-005,010,5000.0,0.0,2265,2025-02-04 13:59:35.999000,L,
474,2025-02-01,0007,007,007-001,001,45000.0,0.0,2265,2025-02-04 13:59:35.999000,L,
475,2025-02-01,0007,007,007-001,002,45000.0,0.0,2265,2025-02-04 13:59:35.999000,L,
476,2025-02-01,0007,009,009-001,001,35000.0,13674.1,2265,2025-02-04 13:59:35.999000,L,
477,2025-02-01,0007,009,009-001,002,35000.0,13674.1,2265,2025-02-04 13:59:35.999000,L,
478,2025-02-01,0007,009,009-002,001,35000.0,13674.1,2265,2025-02-04 13:59:35.999000,L,
479,2025-02-01,0007,009,009-002,002,35000.0,13674.1,2265,2025-02-04 13:59:35.999000,L,
480,2025-02-01,0010,005,005-010,001,50000.0,0.0,2265,2025-02-04 13:59:35.999000,L,
481,2025-02-01,0010,005,005-010,002,50000.0,0.0,2265,2025-02-04 13:59:35.999000,L,
482,2025-02-01,0011,005,005-011,001,28000.0,0.0,2265,2025-02-04 13:59:35.999000,L,
483,2025-02-01,0011,005,005-011,002,28000.0,0.0,2265,2025-02-04 13:59:35.999000,L,
484,2025-02-01,0017,001,001-004,001,43000.0,0.0,2265,2025-02-04 13:59:35.999000,L,
485,2025-02-01,0017,001,001-004,002,43000.0,0.0,2265,2025-02-04 13:59:35.999000,L,
486,2025-02-01,0018,001,001-004,001,43000.0,0.0,2265,2025-02-04 13:59:35.999000,L,
487,2025-02-01,0018,001,001-004,002,43000.0,0.0,2265,2025-02-04 13:59:35.999000,L,
488,2025-02-01,0020,005,005-010,001,50000.0,0.0,2265,2025-02-04 13:59:35.999000,L,
489,2025-02-01,0020,005,005-010,002,50000.0,0.0,2265,2025-02-04 13:59:35.999000,L,
490,2025-02-01,0020,005,005-011,014,240000.0,0.0,2265,2025-02-04 13:59:35.999000,L,
491,2025-02-01,0023,003,003-004,001,285710.0,0.0,2265,2025-02-04 13:59:35.999000,F,
492,2025-02-01,0023,003,003-004,002,285710.0,0.0,2265,2025-02-04 13:59:35.999000,F,
493,2025-02-01,0023,004,004-001,001,80000.0,37269.75,2265,2025-02-04 13:59:35.999000,F,
494,2025-02-01,0023,004,004-001,002,80000.0,37269.75,2265,2025-02-04 13:59:35.999000,F,
495,2025-02-01,0023,004,004-001,010,22000.0,423.25,2265,2025-02-04 13:59:35.999000,F,
496,2025-02-01,0023,004,004-001,012,46000.0,37269.75,2265,2025-02-04 13:59:35.999000,F,
497,2025-02-01,0023,005,005-003,001,45000.0,14368.5,2265,2025-02-04 13:59:35.999000,F,
498,2025-02-01,0023,005,005-003,002,45000.0,14368.5,2265,2025-02-04 13:59:35.999000,F,
499,2025-02-01,0023,005,005-004,001,45000.0,14368.5,2265,2025-02-04 13:59:35.999000,F,
500,2025-02-01,0023,005,005-004,002,45000.0,14368.5,2265,2025-02-04 13:59:35.999000,F,
501,2025-02-01,0023,005,005-009,001,45000.0,14368.5,2265,2025-02-04 13:59:35.999000,F,
502,2025-02-01,0023,005,005-009,002,45000.0,14368.5,2265,2025-02-04 13:59:35.999000,F,
503,2025-02-01,0023,005,005-011,001,45000.0,14368.5,2265,2025-02-04 13:59:35.999000,F,
504,2025-02-01,0023,005,005-011,002,45000.0,14368.5,2265,2025-02-04 13:59:35.999000,F,
505,2025-02-01,0023,007,007-001,001,500000.0,0.0,2265,2025-02-04 13:59:35.999000,F,
506,2025-02-01,0023,007,007-001,002,500000.0,0.0,2265,2025-02-04 13:59:35.999000,F,
507,2025-02-01,0023,007,007-001,012,50000.0,0.0,2265,2025-02-04 13:59:35.999000,F,
508,2025-02-01,0023,008,008-001,001,500000.0,0.0,2265,2025-02-04 13:59:35.999000,F,
509,2025-02-01,0023,008,008-001,002,500000.0,0.0,2265,2025-02-04 13:59:35.999000,F,
510,2025-02-01,0023,008,008-001,012,50000.0,0.0,2265,2025-02-04 13:59:35.999000,F,
511,2025-02-01,0023,009,009-001,001,35000.0,13674.1,2265,2025-02-04 13:59:35.999000,F,
512,2025-02-01,0023,009,009-001,002,35000.0,13674.1,2265,2025-02-04 13:59:35.999000,F,
513,2025-02-01,0023,009,009-002,001,35000.0,13674.1,2265,2025-02-04 13:59:35.999000,F,
514,2025-02-01,0023,009,009-002,002,35000.0,13674.1,2265,2025-02-04 13:59:35.999000,F,
515,2025-02-01,0027,005,005-007,001,30000.0,0.0,2265,2025-02-04 13:59:35.999000,F,
516,2025-02-01,0027,005,005-007,002,30000.0,0.0,2265,2025-02-04 13:59:35.999000,F,
517,2025-02-02,0027,005,005-019,001,58655.5,0.0,2265,2025-02-04 13:59:35.999000,F,
518,2025-02-02,0027,005,005-019,002,58655.5,0.0,2265,2025-02-04 13:59:35.999000,F,
519,2025-02-01,0027,005,005-019,001,48655.5,0.0,2265,2025-02-04 13:59:35.999000,F,
520,2025-02-01,0027,005,005-019,002,48655.5,0.0,2265,2025-02-04 13:59:35.999000,F,
521,2025-02-01,0028,005,005-004,001,45000.0,14368.5,2265,2025-02-04 13:59:35.999000,F,
522,2025-02-01,0028,005,005-004,002,45000.0,14368.5,2265,2025-02-04 13:59:35.999000,F,
523,2025-02-01,0033,005,005-017,001,280000.0,0.0,2265,2025-02-04 13:59:35.999000,L,
524,2025-02-01,0033,005,005-017,002,280000.0,0.0,2265,2025-02-04 13:59:35.999000,L,
525,2025-02-01,0038,003,003-005,001,190000.0,0.0,2265,2025-02-04 13:59:35.999000,F,
526,2025-02-01,0038,003,003-005,002,190000.0,0.0,2265,2025-02-04 13:59:35.999000,F,
527,2025-02-01,0038,004,004-002,001,45000.0,0.0,2265,2025-02-04 13:59:35.999000,F,
528,2025-02-01,0038,004,004-002,002,45000.0,0.0,2265,2025-02-04 13:59:35.999000,F,
529,2025-02-01,0038,005,005-011,001,45000.0,0.0,2265,2025-02-04 13:59:35.999000,F,
530,2025-02-01,0038,005,005-011,002,45000.0,0.0,2265,2025-02-04 13:59:35.999000,F,
531,2025-02-01,0038,005,005-012,001,250000.0,0.0,2265,2025-02-04 13:59:35.999000,F,
532,2025-02-01,0038,005,005-012,002,250000.0,0.0,2265,2025-02-04 13:59:35.999000,F,
533,2025-02-01,0038,005,005-019,001,50000.0,0.0,2265,2025-02-04 13:59:35.999000,F,
534,2025-02-01,0038,005,005-019,002,50000.0,0.0,2265,2025-02-04 13:59:35.999000,F,
535,2025-02-01,0038,006,006-004,001,160000.0,0.0,2265,2025-02-04 13:59:35.999000,F,
536,2025-02-01,0038,006,006-004,002,160000.0,0.0,2265,2025-02-04 13:59:35.999000,F,
537,2025-02-01,0039,005,005-006,001,39000.0,0.0,2265,2025-02-04 13:59:35.999000,L,
538,2025-02-01,0039,005,005-006,002,39000.0,0.0,2265,2025-02-04 13:59:35.999000,L,
539,2025-02-01,0043,003,003-004,001,285710.0,0.0,2265,2025-02-04 13:59:35.999000,F,
540,2025-02-01,0043,003,003-004,002,285710.0,0.0,2265,2025-02-04 13:59:35.999000,F,
541,2025-02-01,0043,005,005-003,001,45000.0,14368.5,2265,2025-02-04 13:59:35.999000,F,
542,2025-02-01,0043,005,005-003,002,45000.0,14368.5,2265,2025-02-04 13:59:35.999000,F,
543,2025-02-01,0043,005,005-009,001,45000.0,14368.5,2265,2025-02-04 13:59:35.999000,F,
544,2025-02-01,0043,005,005-009,002,45000.0,14368.5,2265,2025-02-04 13:59:35.999000,F,
545,2025-02-01,0043,005,005-011,001,45000.0,14368.5,2265,2025-02-04 13:59:35.999000,F,
546,2025-02-01,0043,005,005-011,002,45000.0,14368.5,2265,2025-02-04 13:59:35.999000,F,
547,2025-02-01,0043,005,005-012,001,250000.0,0.0,2265,2025-02-04 13:59:35.999000,F,
548,2025-02-01,0043,005,005-012,002,250000.0,0.0,2265,2025-02-04 13:59:35.999000,F,
549,2025-02-01,0043,007,007-001,001,500000.0,0.0,2265,2025-02-04 13:59:35.999000,F,
550,2025-02-01,0043,007,007-001,002,500000.0,0.0,2265,2025-02-04 13:59:35.999000,F,
551,2025-02-01,0043,007,007-001,012,50000.0,0.0,2265,2025-02-04 13:59:35.999000,F,
552,2025-02-01,0043,008,008-001,001,500000.0,0.0,2265,2025-02-04 13:59:35.999000,F,
553,2025-02-01,0043,008,008-001,002,500000.0,0.0,2265,2025-02-04 13:59:35.999000,F,
554,2025-02-01,0043,008,008-001,012,50000.0,0.0,2265,2025-02-04 13:59:35.999000,F,
555,2025-02-01,0043,009,009-001,001,35000.0,13674.1,2265,2025-02-04 13:59:35.999000,F,
556,2025-02-01,0043,009,009-001,002,35000.0,13674.1,2265,2025-02-04 13:59:35.999000,F,
557,2025-02-01,0043,009,009-002,001,35000.0,13674.1,2265,2025-02-04 13:59:35.999000,F,
558,2025-02-01,0043,009,009-002,002,35000.0,13674.1,2265,2025-02-04 13:59:35.999000,F,
559,2025-02-01,0046,001,001-003,001,108500.0,0.0,2265,2025-02-04 13:59:35.999000,L,
560,2025-02-01,0046,001,001-003,002,108500.0,0.0,2265,2025-02-04 13:59:35.999000,L,
561,2025-02-01,0046,001,001-004,001,43000.0,0.0,2265,2025-02-04 13:59:35.999000,L,
562,2025-02-01,0046,001,001-004,002,43000.0,0.0,2265,2025-02-04 13:59:35.999000,L,
563,2025-02-01,0047,001,001-004,001,23000.0,0.0,2265,2025-02-04 13:59:35.999000,L,
564,2025-02-01,0047,001,001-004,002,23000.0,0.0,2265,2025-02-04 13:59:35.999000,L,
565,2025-02-01,0047,001,001-004,004,23000.0,0.0,2265,2025-02-04 13:59:35.999000,L,
566,2025-02-01,0047,001,001-004,007,6250.0,0.0,2265,2025-02-04 13:59:35.999000,L,
567,2025-02-01,0047,001,001-004,008,6250.0,0.0,2265,2025-02-04 13:59:35.999000,L,
568,2025-02-01,0047,003,003-004,001,35000.0,0.0,2265,2025-02-04 13:59:35.999000,L,
569,2025-02-01,0047,003,003-004,002,35000.0,0.0,2265,2025-02-04 13:59:35.999000,L,
570,2025-02-01,0047,003,003-004,007,6250.0,0.0,2265,2025-02-04 13:59:35.999000,L,
571,2025-02-01,0047,003,003-004,008,6250.0,0.0,2265,2025-02-04 13:59:35.999000,L,
572,2025-02-01,0047,006,005-002,001,150000.0,0.0,2265,2025-02-04 13:59:35.999000,L,
573,2025-02-01,0047,006,005-002,002,150000.0,0.0,2265,2025-02-04 13:59:35.999000,L,
574,2025-02-01,0047,005,005-015,001,35000.0,0.0,2265,2025-02-04 13:59:35.999000,L,
575,2025-02-01,0047,005,005-015,002,35000.0,0.0,2265,2025-02-04 13:59:35.999000,L,
576,2025-02-01,0047,005,005-015,007,6250.0,0.0,2265,2025-02-04 13:59:35.999000,L,
577,2025-02-01,0047,005,005-015,008,6250.0,0.0,2265,2025-02-04 13:59:35.999000,L,
578,2025-02-01,0048,001,001-001,001,149000.0,14368.5,2265,2025-02-04 13:59:35.999000,F,
579,2025-02-01,0048,001,001-001,002,149000.0,14368.5,2265,2025-02-04 13:59:35.999000,F,
580,2025-02-01,0048,001,001-001,012,35000.0,14368.5,2265,2025-02-04 13:59:35.999000,F,
581,2025-02-01,0051,001,001-001,001,169000.0,0.0,2265,2025-02-04 13:59:35.999000,F,
582,2025-02-01,0051,001,001-001,002,169000.0,0.0,2265,2025-02-04 13:59:35.999000,F,
583,2025-02-01,0051,001,001-001,012,46000.0,0.0,2265,2025-02-04 13:59:35.999000,F,
584,2025-02-01,0051,001,001-005,011,45000.0,7000.0,2265,2025-02-04 13:59:35.999000,F,
585,2025-02-01,0051,003,003-004,001,285710.0,0.0,2265,2025-02-04 13:59:35.999000,F,
586,2025-02-01,0051,003,003-004,002,285710.0,0.0,2265,2025-02-04 13:59:35.999000,F,
587,2025-02-01,0051,004,004-001,001,80000.0,37269.75,2265,2025-02-04 13:59:35.999000,F,
588,2025-02-01,0051,004,004-001,002,80000.0,37269.75,2265,2025-02-04 13:59:35.999000,F,
589,2025-02-01,0051,004,004-001,010,22000.0,423.25,2265,2025-02-04 13:59:35.999000,F,
590,2025-02-01,0051,004,004-001,012,46000.0,37269.75,2265,2025-02-04 13:59:35.999000,F,
591,2025-02-01,0051,005,005-007,001,45000.0,14368.5,2265,2025-02-04 13:59:35.999000,F,
592,2025-02-01,0051,005,005-007,002,45000.0,14368.5,2265,2025-02-04 13:59:35.999000,F,
593,2025-02-01,0051,005,005-014,001,45000.0,14368.5,2265,2025-02-04 13:59:35.999000,F,
594,2025-02-01,0051,005,005-014,002,45000.0,14368.5,2265,2025-02-04 13:59:35.999000,F,
595,2025-02-01,0051,007,007-001,001,500000.0,0.0,2265,2025-02-04 13:59:35.999000,F,
596,2025-02-01,0051,007,007-001,002,500000.0,0.0,2265,2025-02-04 13:59:35.999000,F,
597,2025-02-01,0051,007,007-001,012,50000.0,0.0,2265,2025-02-04 13:59:35.999000,F,
598,2025-02-01,0051,008,008-001,001,500000.0,0.0,2265,2025-02-04 13:59:35.999000,F,
599,2025-02-01,0051,008,008-001,002,500000.0,0.0,2265,2025-02-04 13:59:35.999000,F,
600,2025-02-01,0051,008,008-001,012,50000.0,0.0,2265,2025-02-04 13:59:35.999000,F,
601,2025-02-01,0051,009,009-001,001,35000.0,13674.1,2265,2025-02-04 13:59:35.999000,F,
602,2025-02-01,0051,009,009-001,002,35000.0,13674.1,2265,2025-02-04 13:59:35.999000,F,
603,2025-02-01,0051,009,009-002,001,35000.0,13674.1,2265,2025-02-04 13:59:35.999000,F,
604,2025-02-01,0051,009,009-002,002,35000.0,13674.1,2265,2025-02-04 13:59:35.999000,F,
605,2025-02-01,0052,003,003-004,001,285710.0,0.0,2265,2025-02-04 13:59:35.999000,F,
606,2025-02-01,0052,003,003-004,002,285710.0,0.0,2265,2025-02-04 13:59:35.999000,F,
607,2025-02-01,0052,004,004-001,001,80000.0,37269.75,2265,2025-02-04 13:59:35.999000,F,
608,2025-02-01,0052,004,004-001,002,80000.0,37269.75,2265,2025-02-04 13:59:35.999000,F,
609,2025-02-01,0052,004,004-001,010,22000.0,423.25,2265,2025-02-04 13:59:35.999000,F,
610,2025-02-01,0052,004,004-001,012,46000.0,37269.75,2265,2025-02-04 13:59:35.999000,F,
611,2025-02-01,0052,005,005-008,001,45000.0,14368.5,2265,2025-02-04 13:59:35.999000,F,
612,2025-02-01,0052,005,005-008,002,45000.0,14368.5,2265,2025-02-04 13:59:35.999000,F,
613,2025-02-01,0052,007,007-001,001,500000.0,0.0,2265,2025-02-04 13:59:35.999000,F,
614,2025-02-01,0052,007,007-001,002,500000.0,0.0,2265,2025-02-04 13:59:35.999000,F,
615,2025-02-01,0052,007,007-001,012,50000.0,0.0,2265,2025-02-04 13:59:35.999000,F,
616,2025-02-01,0052,008,008-001,001,500000.0,0.0,2265,2025-02-04 13:59:35.999000,F,
617,2025-02-01,0052,008,008-001,002,500000.0,0.0,2265,2025-02-04 13:59:35.999000,F,
618,2025-02-01,0052,008,008-001,012,50000.0,0.0,2265,2025-02-04 13:59:35.999000,F,
619,2025-02-01,0052,009,009-001,001,35000.0,13674.1,2265,2025-02-04 13:59:35.999000,F,
620,2025-02-01,0052,009,009-001,002,35000.0,13674.1,2265,2025-02-04 13:59:35.999000,F,
621,2025-02-01,0052,009,009-002,001,35000.0,13674.1,2265,2025-02-04 13:59:35.999000,F,
622,2025-02-01,0052,009,009-002,002,35000.0,13674.1,2265,2025-02-04 13:59:35.999000,F,
623,2025-02-01,0053,002,002-001,001,499000.0,0.0,2265,2025-02-04 13:59:35.999000,F,
624,2025-02-01,0053,002,002-001,002,499000.0,0.0,2265,2025-02-04 13:59:35.999000,F,
625,2025-02-01,0057,001,001-003,001,108500.0,0.0,2265,2025-02-04 13:59:35.999000,L,
626,2025-02-01,0057,001,001-003,002,108500.0,0.0,2265,2025-02-04 13:59:35.999000,L,
627,2025-02-01,0057,001,001-004,001,43000.0,0.0,2265,2025-02-04 13:59:35.999000,L,
628,2025-02-01,0057,001,001-004,002,43000.0,0.0,2265,2025-02-04 13:59:35.999000,L,
629,2025-02-01,0059,001,001-004,001,43655.5,0.0,2265,2025-02-04 13:59:35.999000,L,
630,2025-02-01,0059,001,001-004,002,43655.5,0.0,2265,2025-02-04 13:59:35.999000,L,
631,2025-02-01,0009,005,005-011,001,59368.5,0.0,2265,2025-02-07 11:04:09.999000,,
632,2025-02-01,0009,005,005-011,002,59368.5,0.0,2265,2025-02-07 11:04:30.999000,,
633,2025-02-01,0007,005,005-018,001,35000.0,0.0,2265,2025-02-07 12:10:17.999000,,
634,2025-02-01,0007,005,005-018,002,35000.0,0.0,2265,2025-02-07 12:10:30.999000,,
635,2026-01-01,0006,003,003-004,001,285710.0,0.0,2265,2026-01-24 10:52:46.998000,F,
636,2026-01-01,0006,003,003-004,002,285710.0,0.0,2265,2026-01-24 10:52:46.998000,F,
637,2026-01-01,0006,004,004-001,001,80000.0,0.0,2265,2026-01-24 10:52:46.998000,F,
638,2026-01-01,0006,004,004-001,002,80000.0,0.0,2265,2026-01-24 10:52:46.998000,F,
639,2026-01-01,0006,004,004-001,010,22000.0,0.0,2265,2026-01-24 10:52:46.998000,F,
640,2026-01-01,0006,004,004-001,012,46000.0,0.0,2265,2026-01-24 10:52:46.998000,F,
641,2026-01-01,0006,005,005-005,001,45000.0,0.0,2265,2026-01-24 10:52:46.998000,F,
642,2026-01-01,0006,005,005-005,002,45000.0,0.0,2265,2026-01-24 10:52:46.998000,F,
643,2026-01-01,0006,005,005-005,010,22000.0,0.0,2265,2026-01-24 10:52:46.998000,F,
644,2026-01-01,0006,005,005-011,001,45000.0,0.0,2265,2026-01-24 10:52:46.998000,F,
645,2026-01-01,0006,005,005-011,002,45000.0,0.0,2265,2026-01-24 10:52:46.998000,F,
646,2026-01-01,0006,007,007-001,001,500000.0,0.0,2265,2026-01-24 10:52:46.998000,F,
647,2026-01-01,0006,007,007-001,002,500000.0,0.0,2265,2026-01-24 10:52:46.998000,F,
648,2026-01-01,0006,007,007-001,012,50000.0,0.0,2265,2026-01-24 10:52:46.998000,F,
649,2026-01-01,0006,008,008-001,001,500000.0,0.0,2265,2026-01-24 10:52:46.998000,F,
650,2026-01-01,0006,008,008-001,002,500000.0,0.0,2265,2026-01-24 10:52:46.998000,F,
651,2026-01-01,0006,008,008-001,012,50000.0,0.0,2265,2026-01-24 10:52:46.998000,F,
652,2026-01-01,0006,009,009-001,001,35000.0,0.0,2265,2026-01-24 10:52:46.998000,F,
653,2026-01-01,0006,009,009-001,002,35000.0,0.0,2265,2026-01-24 10:52:46.998000,F,
654,2026-01-01,0006,009,009-002,001,35000.0,0.0,2265,2026-01-24 10:52:46.998000,F,
655,2026-01-01,0006,009,009-002,002,35000.0,0.0,2265,2026-01-24 10:52:46.998000,F,
656,2026-01-01,0007,003,003-003,001,90000.0,0.0,2265,2026-01-24 10:52:46.998000,L,
657,2026-01-01,0007,003,003-003,002,90000.0,0.0,2265,2026-01-24 10:52:46.998000,L,
658,2026-01-01,0007,003,003-003,010,8000.0,0.0,2265,2026-01-24 10:52:46.998000,L,
659,2026-01-01,0007,003,003-003,007,16800.0,0.0,2265,2026-01-24 10:52:46.998000,L,
660,2026-01-01,0007,003,003-003,008,16800.0,0.0,2265,2026-01-24 10:52:46.998000,L,
661,2026-01-01,0007,010,010-001,001,642860.0,0.0,2265,2026-01-24 10:52:46.998000,L,
662,2026-01-01,0007,010,010-001,002,642860.0,0.0,2265,2026-01-24 10:52:46.998000,L,
663,2026-01-01,0007,010,010-001,007,20000.0,0.0,2265,2026-01-24 10:52:46.998000,L,
664,2026-01-01,0007,010,010-001,008,20000.0,0.0,2265,2026-01-24 10:52:46.998000,L,
665,2026-01-01,0007,001,001-013,001,102000.0,0.0,2265,2026-01-24 10:52:46.998000,L,
666,2026-01-01,0007,001,001-013,002,102000.0,0.0,2265,2026-01-24 10:52:46.998000,L,
667,2026-01-01,0007,004,004-001,001,35000.0,0.0,2265,2026-01-24 10:52:46.998000,L,
668,2026-01-01,0007,004,004-001,002,35000.0,0.0,2265,2026-01-24 10:52:46.998000,L,
669,2026-01-01,0007,004,004-001,010,22000.0,0.0,2265,2026-01-24 10:52:46.998000,L,
670,2026-01-01,0007,004,004-001,007,11000.0,0.0,2265,2026-01-24 10:52:46.998000,L,
671,2026-01-01,0007,004,004-001,008,11000.0,0.0,2265,2026-01-24 10:52:46.998000,L,
672,2026-01-01,0007,005,005-005,001,35000.0,0.0,2265,2026-01-24 10:52:46.998000,L,
673,2026-01-01,0007,005,005-005,002,35000.0,0.0,2265,2026-01-24 10:52:46.998000,L,
674,2026-01-01,0007,005,005-005,010,5000.0,0.0,2265,2026-01-24 10:52:46.998000,L,
675,2026-01-01,0007,007,007-001,001,45000.0,0.0,2265,2026-01-24 10:52:46.998000,L,
676,2026-01-01,0007,007,007-001,002,45000.0,0.0,2265,2026-01-24 10:52:46.998000,L,
677,2026-01-01,0007,009,009-001,001,35000.0,0.0,2265,2026-01-24 10:52:46.998000,L,
678,2026-01-01,0007,009,009-001,002,35000.0,0.0,2265,2026-01-24 10:52:46.998000,L,
679,2026-01-01,0007,009,009-002,001,35000.0,0.0,2265,2026-01-24 10:52:46.998000,L,
680,2026-01-01,0007,009,009-002,002,35000.0,0.0,2265,2026-01-24 10:52:46.998000,L,
681,2026-01-01,0010,005,005-010,001,50000.0,0.0,2265,2026-01-24 10:52:46.998000,L,
682,2026-01-01,0010,005,005-010,002,50000.0,0.0,2265,2026-01-24 10:52:46.998000,L,
683,2026-01-01,0017,001,001-002,001,35000.0,0.0,2265,2026-01-24 10:52:46.998000,L,
684,2026-01-01,0017,001,001-002,002,35000.0,0.0,2265,2026-01-24 10:52:46.998000,L,
685,2026-01-01,0018,001,001-002,001,35000.0,0.0,2265,2026-01-24 10:52:46.998000,L,
686,2026-01-01,0018,001,001-002,002,35000.0,0.0,2265,2026-01-24 10:52:46.998000,L,
687,2026-01-01,0020,005,005-010,001,50000.0,0.0,2265,2026-01-24 10:52:46.998000,L,
688,2026-01-01,0020,005,005-010,002,50000.0,0.0,2265,2026-01-24 10:52:46.998000,L,
689,2026-01-01,0023,003,003-003,001,285710.0,0.0,2265,2026-01-24 10:52:46.998000,F,
690,2026-01-01,0023,003,003-003,002,285710.0,0.0,2265,2026-01-24 10:52:46.998000,F,
691,2026-01-01,0023,003,003-003,007,35000.0,0.0,2265,2026-01-24 10:52:46.998000,F,
692,2026-01-01,0023,003,003-003,008,35000.0,0.0,2265,2026-01-24 10:52:46.998000,F,
693,2026-01-01,0023,004,004-001,001,80000.0,0.0,2265,2026-01-24 10:52:46.998000,F,
694,2026-01-01,0023,004,004-001,002,80000.0,0.0,2265,2026-01-24 10:52:46.998000,F,
695,2026-01-01,0023,004,004-001,010,22000.0,0.0,2265,2026-01-24 10:52:46.998000,F,
696,2026-01-01,0023,004,004-001,012,46000.0,0.0,2265,2026-01-24 10:52:46.998000,F,
697,2026-01-01,0023,004,004-001,007,30000.0,0.0,2265,2026-01-24 10:52:46.998000,F,
698,2026-01-01,0023,004,004-001,008,30000.0,0.0,2265,2026-01-24 10:52:46.998000,F,
699,2026-01-01,0023,005,005-003,001,45000.0,0.0,2265,2026-01-24 10:52:46.998000,F,
700,2026-01-01,0023,005,005-003,002,45000.0,0.0,2265,2026-01-24 10:52:46.998000,F,
701,2026-01-01,0023,005,005-004,001,45000.0,0.0,2265,2026-01-24 10:52:46.998000,F,
702,2026-01-01,0023,005,005-004,002,45000.0,0.0,2265,2026-01-24 10:52:46.998000,F,
703,2026-01-01,0023,005,005-009,001,45000.0,0.0,2265,2026-01-24 10:52:46.998000,F,
704,2026-01-01,0023,005,005-009,002,45000.0,0.0,2265,2026-01-24 10:52:46.998000,F,
705,2026-01-01,0023,005,005-011,001,45000.0,0.0,2265,2026-01-24 10:52:46.998000,F,
706,2026-01-01,0023,005,005-011,002,45000.0,0.0,2265,2026-01-24 10:52:46.998000,F,
707,2026-01-01,0023,007,007-001,001,500000.0,0.0,2265,2026-01-24 10:52:46.998000,F,
708,2026-01-01,0023,007,007-001,002,500000.0,0.0,2265,2026-01-24 10:52:46.998000,F,
709,2026-01-01,0023,007,007-001,012,50000.0,0.0,2265,2026-01-24 10:52:46.998000,F,
710,2026-01-01,0023,008,008-001,001,500000.0,0.0,2265,2026-01-24 10:52:46.998000,F,
711,2026-01-01,0023,008,008-001,002,500000.0,0.0,2265,2026-01-24 10:52:46.998000,F,
712,2026-01-01,0023,008,008-001,012,50000.0,0.0,2265,2026-01-24 10:52:46.998000,F,
713,2026-01-01,0023,009,009-001,001,35000.0,0.0,2265,2026-01-24 10:52:46.998000,F,
714,2026-01-01,0023,009,009-001,002,35000.0,0.0,2265,2026-01-24 10:52:46.998000,F,
715,2026-01-01,0023,009,009-002,001,35000.0,0.0,2265,2026-01-24 10:52:46.998000,F,
716,2026-01-01,0023,009,009-002,002,35000.0,0.0,2265,2026-01-24 10:52:46.998000,F,
717,2026-01-01,0023,010,010-001,001,714290.0,0.0,2265,2026-01-24 10:52:46.998000,F,
718,2026-01-01,0023,010,010-001,002,714290.0,0.0,2265,2026-01-24 10:52:46.998000,F,
719,2026-01-01,0023,010,010-001,007,40000.0,0.0,2265,2026-01-24 10:52:46.998000,F,
720,2026-01-01,0023,010,010-001,008,40000.0,0.0,2265,2026-01-24 10:52:46.998000,F,
721,2026-01-01,0027,005,005-007,001,30000.0,0.0,2265,2026-01-24 10:52:46.998000,F,
722,2026-01-01,0027,005,005-007,002,30000.0,0.0,2265,2026-01-24 10:52:46.998000,F,
723,2026-01-01,0028,005,005-004,001,45000.0,0.0,2265,2026-01-24 10:52:46.998000,F,
724,2026-01-01,0028,005,005-004,002,45000.0,0.0,2265,2026-01-24 10:52:46.998000,F,
725,2026-01-01,0033,005,005-017,001,280000.0,0.0,2265,2026-01-24 10:52:46.998000,F,
726,2026-01-01,0033,005,005-017,002,280000.0,0.0,2265,2026-01-24 10:52:46.998000,F,
727,2026-01-01,0033,005,005-011,001,16000.0,0.0,2265,2026-01-24 10:52:46.998000,L,
728,2026-01-01,0033,005,005-011,002,16000.0,0.0,2265,2026-01-24 10:52:46.998000,L,
729,2026-01-01,0043,003,003-003,001,285710.0,0.0,2265,2026-01-24 10:52:46.998000,F,
730,2026-01-01,0043,003,003-003,002,285710.0,0.0,2265,2026-01-24 10:52:46.998000,F,
731,2026-01-01,0043,003,003-003,007,35000.0,0.0,2265,2026-01-24 10:52:46.998000,F,
732,2026-01-01,0043,003,003-003,008,35000.0,0.0,2265,2026-01-24 10:52:46.998000,F,
733,2026-01-01,0043,005,005-003,001,45000.0,0.0,2265,2026-01-24 10:52:46.998000,F,
734,2026-01-01,0043,005,005-003,002,45000.0,0.0,2265,2026-01-24 10:52:46.998000,F,
735,2026-01-01,0043,005,005-009,001,45000.0,0.0,2265,2026-01-24 10:52:46.998000,F,
736,2026-01-01,0043,005,005-009,002,45000.0,0.0,2265,2026-01-24 10:52:46.998000,F,
737,2026-01-01,0043,005,005-005,001,45000.0,0.0,2265,2026-01-24 10:52:46.998000,F,
738,2026-01-01,0043,005,005-005,002,45000.0,0.0,2265,2026-01-24 10:52:46.998000,F,
739,2026-01-01,0043,005,005-011,001,45000.0,0.0,2265,2026-01-24 10:52:46.998000,F,
740,2026-01-01,0043,005,005-011,002,45000.0,0.0,2265,2026-01-24 10:52:46.998000,F,
741,2026-01-01,0043,005,005-012,001,250000.0,0.0,2265,2026-01-24 10:52:46.998000,F,
742,2026-01-01,0043,005,005-012,002,250000.0,0.0,2265,2026-01-24 10:52:46.998000,F,
743,2026-01-01,0043,007,007-001,001,500000.0,0.0,2265,2026-01-24 10:52:46.998000,F,
744,2026-01-01,0043,007,007-001,002,500000.0,0.0,2265,2026-01-24 10:52:46.998000,F,
745,2026-01-01,0043,007,007-001,012,50000.0,0.0,2265,2026-01-24 10:52:46.998000,F,
746,2026-01-01,0043,008,008-001,001,500000.0,0.0,2265,2026-01-24 10:52:46.998000,F,
747,2026-01-01,0043,008,008-001,002,500000.0,0.0,2265,2026-01-24 10:52:46.998000,F,
748,2026-01-01,0043,008,008-001,012,50000.0,0.0,2265,2026-01-24 10:52:46.998000,F,
749,2026-01-01,0043,009,009-001,001,35000.0,0.0,2265,2026-01-24 10:52:46.998000,F,
750,2026-01-01,0043,009,009-001,002,35000.0,0.0,2265,2026-01-24 10:52:46.998000,F,
751,2026-01-01,0043,009,009-002,001,35000.0,0.0,2265,2026-01-24 10:52:46.998000,F,
752,2026-01-01,0043,009,009-002,002,35000.0,0.0,2265,2026-01-24 10:52:46.998000,F,
753,2026-01-01,0043,010,010-001,001,714209.0,0.0,2265,2026-01-24 10:52:46.998000,F,
754,2026-01-01,0043,010,010-001,002,714209.0,0.0,2265,2026-01-24 10:52:46.998000,F,
755,2026-01-01,0043,010,010-001,007,40000.0,0.0,2265,2026-01-24 10:52:46.998000,F,
756,2026-01-01,0043,010,010-001,008,40000.0,0.0,2265,2026-01-24 10:52:46.998000,F,
757,2026-01-01,0043,011,011-001,001,400000.0,0.0,2265,2026-01-24 10:52:46.998000,F,
758,2026-01-01,0043,011,011-001,002,400000.0,0.0,2265,2026-01-24 10:52:46.998000,F,
759,2026-01-01,0046,001,001-003,001,121520.0,0.0,2265,2026-01-24 10:52:46.998000,L,
760,2026-01-01,0046,001,001-003,002,121520.0,0.0,2265,2026-01-24 10:52:46.998000,L,
761,2026-01-01,0046,001,001-002,001,28000.0,0.0,2265,2026-01-24 10:52:46.998000,L,
762,2026-01-01,0046,001,001-002,002,23000.0,0.0,2265,2026-01-24 10:52:46.998000,L,
763,2026-01-01,0046,001,001-002,007,6250.0,0.0,2265,2026-01-24 10:52:46.998000,L,
764,2026-01-01,0046,001,001-002,008,6250.0,0.0,2265,2026-01-24 10:52:46.998000,L,
765,2026-01-01,0047,001,001-004,001,28000.0,0.0,2265,2026-01-24 10:52:46.998000,L,
766,2026-01-01,0047,001,001-004,002,23000.0,0.0,2265,2026-01-24 10:52:46.998000,L,
767,2026-01-01,0047,001,001-004,004,23000.0,0.0,2265,2026-01-24 10:52:46.998000,L,
768,2026-01-01,0047,001,001-004,007,6250.0,0.0,2265,2026-01-24 10:52:46.998000,L,
769,2026-01-01,0047,001,001-004,008,6250.0,0.0,2265,2026-01-24 10:52:46.998000,L,
770,2026-01-01,0047,003,003-004,001,35000.0,0.0,2265,2026-01-24 10:52:46.998000,L,
771,2026-01-01,0047,003,003-004,002,35000.0,0.0,2265,2026-01-24 10:52:46.998000,L,
772,2026-01-01,0047,003,003-004,007,6250.0,0.0,2265,2026-01-24 10:52:46.998000,L,
773,2026-01-01,0047,003,003-004,008,6250.0,0.0,2265,2026-01-24 10:52:46.998000,L,
774,2026-01-01,0047,006,005-002,001,150000.0,0.0,2265,2026-01-24 10:52:46.998000,L,
775,2026-01-01,0047,006,005-002,002,150000.0,0.0,2265,2026-01-24 10:52:46.998000,L,
776,2026-01-01,0047,005,005-015,001,35000.0,0.0,2265,2026-01-24 10:52:46.998000,L,
777,2026-01-01,0047,005,005-015,002,35000.0,0.0,2265,2026-01-24 10:52:46.998000,L,
778,2026-01-01,0047,005,005-015,007,6250.0,0.0,2265,2026-01-24 10:52:46.998000,L,
779,2026-01-01,0047,005,005-015,008,6250.0,0.0,2265,2026-01-24 10:52:46.998000,L,
780,2026-01-01,0051,001,001-001,001,169000.0,0.0,2265,2026-01-24 10:52:46.998000,F,
781,2026-01-01,0051,001,001-001,002,169000.0,0.0,2265,2026-01-24 10:52:46.998000,F,
782,2026-01-01,0051,001,001-001,012,46000.0,0.0,2265,2026-01-24 10:52:46.998000,F,
783,2026-01-01,0051,003,003-003,001,285710.0,0.0,2265,2026-01-24 10:52:46.998000,F,
784,2026-01-01,0051,003,003-003,002,285710.0,0.0,2265,2026-01-24 10:52:46.998000,F,
785,2026-01-01,0051,003,003-003,007,35000.0,0.0,2265,2026-01-24 10:52:46.998000,F,
786,2026-01-01,0051,003,003-003,008,35000.0,0.0,2265,2026-01-24 10:52:46.998000,F,
787,2026-01-01,0051,004,004-001,001,80000.0,0.0,2265,2026-01-24 10:52:46.998000,F,
788,2026-01-01,0051,004,004-001,002,80000.0,0.0,2265,2026-01-24 10:52:46.998000,F,
789,2026-01-01,0051,004,004-001,010,22000.0,0.0,2265,2026-01-24 10:52:46.998000,F,
790,2026-01-01,0051,004,004-001,012,46000.0,0.0,2265,2026-01-24 10:52:46.998000,F,
791,2026-01-01,0051,004,004-001,007,30000.0,0.0,2265,2026-01-24 10:52:46.998000,F,
792,2026-01-01,0051,004,004-001,008,30000.0,0.0,2265,2026-01-24 10:52:46.998000,F,
793,2026-01-01,0051,005,005-006,001,75000.0,0.0,2265,2026-01-24 10:52:46.998000,F,
794,2026-01-01,0051,005,005-006,002,75000.0,0.0,2265,2026-01-24 10:52:46.998000,F,
795,2026-01-01,0051,005,005-004,001,45000.0,0.0,2265,2026-01-24 10:52:46.998000,F,
796,2026-01-01,0051,005,005-004,002,45000.0,0.0,2265,2026-01-24 10:52:46.998000,F,
797,2026-01-01,0051,005,005-005,001,45000.0,0.0,2265,2026-01-24 10:52:46.998000,F,
798,2026-01-01,0051,005,005-005,002,45000.0,0.0,2265,2026-01-24 10:52:46.998000,F,
799,2026-01-01,0051,007,007-001,001,500000.0,0.0,2265,2026-01-24 10:52:46.998000,F,
800,2026-01-01,0051,007,007-001,002,500000.0,0.0,2265,2026-01-24 10:52:46.998000,F,
801,2026-01-01,0051,007,007-001,012,50000.0,0.0,2265,2026-01-24 10:52:46.998000,F,
802,2026-01-01,0051,008,008-001,001,500000.0,0.0,2265,2026-01-24 10:52:46.998000,F,
803,2026-01-01,0051,008,008-001,002,500000.0,0.0,2265,2026-01-24 10:52:46.998000,F,
804,2026-01-01,0051,008,008-001,012,50000.0,0.0,2265,2026-01-24 10:52:46.998000,F,
805,2026-01-01,0051,009,009-001,001,35000.0,0.0,2265,2026-01-24 10:52:46.998000,F,
806,2026-01-01,0051,009,009-001,002,35000.0,0.0,2265,2026-01-24 10:52:46.998000,F,
807,2026-01-01,0051,009,009-002,001,35000.0,0.0,2265,2026-01-24 10:52:46.998000,F,
808,2026-01-01,0051,009,009-002,002,35000.0,0.0,2265,2026-01-24 10:52:46.998000,F,
809,2026-01-01,0051,001,001-008,003,30250.0,0.0,2265,2026-01-24 10:52:46.998000,L,
810,2026-01-01,0052,003,003-003,001,285710.0,0.0,2265,2026-01-24 10:52:46.998000,F,
811,2026-01-01,0052,003,003-003,002,285710.0,0.0,2265,2026-01-24 10:52:46.998000,F,
812,2026-01-01,0052,003,003-003,007,35000.0,0.0,2265,2026-01-24 10:52:46.998000,F,
813,2026-01-01,0052,003,003-003,008,35000.0,0.0,2265,2026-01-24 10:52:46.998000,F,
814,2026-01-01,0052,004,004-001,001,80000.0,0.0,2265,2026-01-24 10:52:46.998000,F,
815,2026-01-01,0052,004,004-001,002,80000.0,0.0,2265,2026-01-24 10:52:46.998000,F,
816,2026-01-01,0052,004,004-001,010,22000.0,0.0,2265,2026-01-24 10:52:46.998000,F,
817,2026-01-01,0052,004,004-001,012,46000.0,0.0,2265,2026-01-24 10:52:46.998000,F,
818,2026-01-01,0052,004,004-001,007,30000.0,0.0,2265,2026-01-24 10:52:46.998000,F,
819,2026-01-01,0052,004,004-001,008,30000.0,0.0,2265,2026-01-24 10:52:46.998000,F,
820,2026-01-01,0052,005,005-008,001,45000.0,0.0,2265,2026-01-24 10:52:46.998000,F,
821,2026-01-01,0052,005,005-008,002,45000.0,0.0,2265,2026-01-24 10:52:46.998000,F,
822,2026-01-01,0052,005,005-020,001,275000.0,0.0,2265,2026-01-24 10:52:46.998000,F,
823,2026-01-01,0052,005,005-020,002,275000.0,0.0,2265,2026-01-24 10:52:46.998000,F,
824,2026-01-01,0052,007,007-001,001,500000.0,0.0,2265,2026-01-24 10:52:46.998000,F,
825,2026-01-01,0052,007,007-001,002,500000.0,0.0,2265,2026-01-24 10:52:46.998000,F,
826,2026-01-01,0052,007,007-001,012,50000.0,0.0,2265,2026-01-24 10:52:46.998000,F,
827,2026-01-01,0052,008,008-001,001,500000.0,0.0,2265,2026-01-24 10:52:46.998000,F,
828,2026-01-01,0052,008,008-001,002,500000.0,0.0,2265,2026-01-24 10:52:46.998000,F,
829,2026-01-01,0052,008,008-001,012,50000.0,0.0,2265,2026-01-24 10:52:46.998000,F,
830,2026-01-01,0052,009,009-001,001,35000.0,0.0,2265,2026-01-24 10:52:46.998000,F,
831,2026-01-01,0052,009,009-001,002,35000.0,0.0,2265,2026-01-24 10:52:46.998000,F,
832,2026-01-01,0052,009,009-002,001,35000.0,0.0,2265,2026-01-24 10:52:46.998000,F,
833,2026-01-01,0052,009,009-002,002,35000.0,0.0,2265,2026-01-24 10:52:46.998000,F,
834,2026-01-01,0052,011,011-001,001,400000.0,0.0,2265,2026-01-24 10:52:46.998000,F,
835,2026-01-01,0052,011,011-001,002,400000.0,0.0,2265,2026-01-24 10:52:46.998000,F,
836,2026-01-01,0052,010,010-001,001,714290.0,0.0,2265,2026-01-24 10:52:46.998000,F,
837,2026-01-01,0052,010,010-001,002,714290.0,0.0,2265,2026-01-24 10:52:46.998000,F,
838,2026-01-01,0052,010,010-001,007,40000.0,0.0,2265,2026-01-24 10:52:46.998000,F,
839,2026-01-01,0052,010,010-001,008,40000.0,0.0,2265,2026-01-24 10:52:46.998000,F,
840,2026-01-01,0052,001,001-013,001,350000.0,0.0,2265,2026-01-24 10:52:46.998000,F,
841,2026-01-01,0052,001,001-013,002,350000.0,0.0,2265,2026-01-24 10:52:46.998000,F,
842,2026-01-01,0057,001,001-003,001,121520.0,0.0,2265,2026-01-24 10:52:46.998000,L,
843,2026-01-01,0057,001,001-003,002,121520.0,0.0,2265,2026-01-24 10:52:46.998000,L,
844,2026-01-01,0057,001,001-002,001,43000.0,0.0,2265,2026-01-24 10:52:46.998000,L,
845,2026-01-01,0057,001,001-002,002,43000.0,0.0,2265,2026-01-24 10:52:46.998000,L,
846,2026-01-01,0059,001,001-002,001,37000.0,0.0,2265,2026-01-24 10:52:46.998000,L,
847,2026-01-01,0059,001,001-002,002,37000.0,0.0,2265,2026-01-24 10:52:46.998000,L,
848,2026-01-01,0059,001,001-003,001,121520.0,0.0,2265,2026-01-24 10:52:46.998000,L,
849,2026-01-01,0059,001,001-003,002,121520.0,0.0,2265,2026-01-24 10:52:46.998000,L,
850,2026-01-01,0016,005,005-018,001,30000.0,0.0,2265,2026-01-24 10:52:46.998000,L,
851,2026-01-01,0016,005,005-018,002,30000.0,0.0,2265,2026-01-24 10:52:46.998000,L,
852,2026-01-01,0024,005,005-010,001,50000.0,0.0,2265,2026-01-24 10:52:46.998000,L,
853,2026-01-01,0024,005,005-010,002,50000.0,0.0,2265,2026-01-24 10:52:46.998000,L,
854,2026-01-01,0074,001,001-002,001,35000.0,0.0,2265,2026-01-24 10:52:46.998000,L,
855,2026-01-01,0074,001,001-002,002,35000.0,0.0,2265,2026-01-24 10:52:46.998000,L,
856,2026-01-01,0072,001,001-002,001,35000.0,0.0,2265,2026-01-24 10:52:46.998000,L,
857,2026-01-01,0072,001,001-002,002,35000.0,0.0,2265,2026-01-24 10:52:46.998000,L,
858,2026-01-01,0060,005,005-005,001,25000.0,0.0,2265,2026-01-24 10:52:46.998000,L,
859,2026-01-01,0060,005,005-005,002,25000.0,0.0,2265,2026-01-24 10:52:46.998000,L,
860,2026-12-31,0006,003,003-004,001,285710.0,0.0,2265,2026-01-24 11:15:19,F,
861,2026-12-31,0006,003,003-004,002,285710.0,0.0,2265,2026-01-24 11:15:19,F,
862,2026-12-31,0006,004,004-001,001,80000.0,0.0,2265,2026-01-24 11:15:19,F,
863,2026-12-31,0006,004,004-001,002,80000.0,0.0,2265,2026-01-24 11:15:19,F,
864,2026-12-31,0006,004,004-001,010,22000.0,0.0,2265,2026-01-24 11:15:19,F,
865,2026-12-31,0006,004,004-001,012,46000.0,0.0,2265,2026-01-24 11:15:19,F,
866,2026-12-31,0006,005,005-005,001,45000.0,0.0,2265,2026-01-24 11:15:19,F,
867,2026-12-31,0006,005,005-005,002,45000.0,0.0,2265,2026-01-24 11:15:19,F,
868,2026-12-31,0006,005,005-005,010,22000.0,0.0,2265,2026-01-24 11:15:19,F,
869,2026-12-31,0006,005,005-011,001,45000.0,0.0,2265,2026-01-24 11:15:19,F,
870,2026-12-31,0006,005,005-011,002,45000.0,0.0,2265,2026-01-24 11:15:19,F,
871,2026-12-31,0006,007,007-001,001,500000.0,0.0,2265,2026-01-24 11:15:19,F,
872,2026-12-31,0006,007,007-001,002,500000.0,0.0,2265,2026-01-24 11:15:19,F,
873,2026-12-31,0006,007,007-001,012,50000.0,0.0,2265,2026-01-24 11:15:19,F,
874,2026-12-31,0006,008,008-001,001,500000.0,0.0,2265,2026-01-24 11:15:19,F,
875,2026-12-31,0006,008,008-001,002,500000.0,0.0,2265,2026-01-24 11:15:19,F,
876,2026-12-31,0006,008,008-001,012,50000.0,0.0,2265,2026-01-24 11:15:19,F,
877,2026-12-31,0006,009,009-001,001,35000.0,0.0,2265,2026-01-24 11:15:19,F,
878,2026-12-31,0006,009,009-001,002,35000.0,0.0,2265,2026-01-24 11:15:19,F,
879,2026-12-31,0006,009,009-002,001,35000.0,0.0,2265,2026-01-24 11:15:19,F,
880,2026-12-31,0006,009,009-002,002,35000.0,0.0,2265,2026-01-24 11:15:19,F,
881,2026-12-31,0007,003,003-003,001,90000.0,0.0,2265,2026-01-24 11:15:19,L,
882,2026-12-31,0007,003,003-003,002,90000.0,0.0,2265,2026-01-24 11:15:19,L,
883,2026-12-31,0007,003,003-003,010,8000.0,0.0,2265,2026-01-24 11:15:19,L,
884,2026-12-31,0007,003,003-003,007,16800.0,0.0,2265,2026-01-24 11:15:19,L,
885,2026-12-31,0007,003,003-003,008,16800.0,0.0,2265,2026-01-24 11:15:19,L,
886,2026-12-31,0007,010,010-001,001,642860.0,0.0,2265,2026-01-24 11:15:19,L,
887,2026-12-31,0007,010,010-001,002,642860.0,0.0,2265,2026-01-24 11:15:19,L,
888,2026-12-31,0007,010,010-001,007,20000.0,0.0,2265,2026-01-24 11:15:19,L,
889,2026-12-31,0007,010,010-001,008,20000.0,0.0,2265,2026-01-24 11:15:19,L,
890,2026-12-31,0007,001,001-013,001,102000.0,0.0,2265,2026-01-24 11:15:19,L,
891,2026-12-31,0007,001,001-013,002,102000.0,0.0,2265,2026-01-24 11:15:19,L,
892,2026-12-31,0007,004,004-001,001,35000.0,0.0,2265,2026-01-24 11:15:19,L,
893,2026-12-31,0007,004,004-001,002,35000.0,0.0,2265,2026-01-24 11:15:19,L,
894,2026-12-31,0007,004,004-001,010,22000.0,0.0,2265,2026-01-24 11:15:19,L,
895,2026-12-31,0007,004,004-001,007,11000.0,0.0,2265,2026-01-24 11:15:19,L,
896,2026-12-31,0007,004,004-001,008,11000.0,0.0,2265,2026-01-24 11:15:19,L,
897,2026-12-31,0007,005,005-005,001,35000.0,0.0,2265,2026-01-24 11:15:19,L,
898,2026-12-31,0007,005,005-005,002,35000.0,0.0,2265,2026-01-24 11:15:19,L,
899,2026-12-31,0007,005,005-005,010,5000.0,0.0,2265,2026-01-24 11:15:19,L,
900,2026-12-31,0007,007,007-001,001,45000.0,0.0,2265,2026-01-24 11:15:19,L,
901,2026-12-31,0007,007,007-001,002,45000.0,0.0,2265,2026-01-24 11:15:19,L,
902,2026-12-31,0007,009,009-001,001,35000.0,0.0,2265,2026-01-24 11:15:19,L,
903,2026-12-31,0007,009,009-001,002,35000.0,0.0,2265,2026-01-24 11:15:19,L,
904,2026-12-31,0007,009,009-002,001,35000.0,0.0,2265,2026-01-24 11:15:19,L,
905,2026-12-31,0007,009,009-002,002,35000.0,0.0,2265,2026-01-24 11:15:19,L,
906,2026-12-31,0010,005,005-010,001,50000.0,0.0,2265,2026-01-24 11:15:19,L,
907,2026-12-31,0010,005,005-010,002,50000.0,0.0,2265,2026-01-24 11:15:19,L,
908,2026-12-31,0017,001,001-002,001,35000.0,0.0,2265,2026-01-24 11:15:19,L,
909,2026-12-31,0017,001,001-002,002,35000.0,0.0,2265,2026-01-24 11:15:19,L,
910,2026-12-31,0018,001,001-002,001,35000.0,0.0,2265,2026-01-24 11:15:19,L,
911,2026-12-31,0018,001,001-002,002,35000.0,0.0,2265,2026-01-24 11:15:19,L,
912,2026-12-31,0020,005,005-010,001,50000.0,0.0,2265,2026-01-24 11:15:19,L,
913,2026-12-31,0020,005,005-010,002,50000.0,0.0,2265,2026-01-24 11:15:19,L,
914,2026-12-31,0023,003,003-003,001,285710.0,0.0,2265,2026-01-24 11:15:19,F,
915,2026-12-31,0023,003,003-003,002,285710.0,0.0,2265,2026-01-24 11:15:19,F,
916,2026-12-31,0023,003,003-003,007,35000.0,0.0,2265,2026-01-24 11:15:19,F,
917,2026-12-31,0023,003,003-003,008,35000.0,0.0,2265,2026-01-24 11:15:19,F,
918,2026-12-31,0023,004,004-001,001,80000.0,0.0,2265,2026-01-24 11:15:19,F,
919,2026-12-31,0023,004,004-001,002,80000.0,0.0,2265,2026-01-24 11:15:19,F,
920,2026-12-31,0023,004,004-001,010,22000.0,0.0,2265,2026-01-24 11:15:19,F,
921,2026-12-31,0023,004,004-001,012,46000.0,0.0,2265,2026-01-24 11:15:19,F,
922,2026-12-31,0023,004,004-001,007,30000.0,0.0,2265,2026-01-24 11:15:19,F,
923,2026-12-31,0023,004,004-001,008,30000.0,0.0,2265,2026-01-24 11:15:19,F,
924,2026-12-31,0023,005,005-003,001,45000.0,0.0,2265,2026-01-24 11:15:19,F,
925,2026-12-31,0023,005,005-003,002,45000.0,0.0,2265,2026-01-24 11:15:19,F,
926,2026-12-31,0023,005,005-004,001,45000.0,0.0,2265,2026-01-24 11:15:19,F,
927,2026-12-31,0023,005,005-004,002,45000.0,0.0,2265,2026-01-24 11:15:19,F,
928,2026-12-31,0023,005,005-009,001,45000.0,0.0,2265,2026-01-24 11:15:19,F,
929,2026-12-31,0023,005,005-009,002,45000.0,0.0,2265,2026-01-24 11:15:19,F,
930,2026-12-31,0023,005,005-011,001,45000.0,0.0,2265,2026-01-24 11:15:19,F,
931,2026-12-31,0023,005,005-011,002,45000.0,0.0,2265,2026-01-24 11:15:19,F,
932,2026-12-31,0023,007,007-001,001,500000.0,0.0,2265,2026-01-24 11:15:19,F,
933,2026-12-31,0023,007,007-001,002,500000.0,0.0,2265,2026-01-24 11:15:19,F,
934,2026-12-31,0023,007,007-001,012,50000.0,0.0,2265,2026-01-24 11:15:19,F,
935,2026-12-31,0023,008,008-001,001,500000.0,0.0,2265,2026-01-24 11:15:19,F,
936,2026-12-31,0023,008,008-001,002,500000.0,0.0,2265,2026-01-24 11:15:19,F,
937,2026-12-31,0023,008,008-001,012,50000.0,0.0,2265,2026-01-24 11:15:19,F,
938,2026-12-31,0023,009,009-001,001,35000.0,0.0,2265,2026-01-24 11:15:19,F,
939,2026-12-31,0023,009,009-001,002,35000.0,0.0,2265,2026-01-24 11:15:19,F,
940,2026-12-31,0023,009,009-002,001,35000.0,0.0,2265,2026-01-24 11:15:19,F,
941,2026-12-31,0023,009,009-002,002,35000.0,0.0,2265,2026-01-24 11:15:19,F,
942,2026-12-31,0023,010,010-001,001,714290.0,0.0,2265,2026-01-24 11:15:19,F,
943,2026-12-31,0023,010,010-001,002,714290.0,0.0,2265,2026-01-24 11:15:19,F,
944,2026-12-31,0023,010,010-001,007,40000.0,0.0,2265,2026-01-24 11:15:19,F,
945,2026-12-31,0023,010,010-001,008,40000.0,0.0,2265,2026-01-24 11:15:19,F,
946,2026-12-31,0027,005,005-007,001,30000.0,0.0,2265,2026-01-24 11:15:19,F,
947,2026-12-31,0027,005,005-007,002,30000.0,0.0,2265,2026-01-24 11:15:19,F,
948,2026-12-31,0028,005,005-004,001,45000.0,0.0,2265,2026-01-24 11:15:19,F,
949,2026-12-31,0028,005,005-004,002,45000.0,0.0,2265,2026-01-24 11:15:19,F,
950,2026-12-31,0033,005,005-017,001,280000.0,0.0,2265,2026-01-24 11:15:19,F,
951,2026-12-31,0033,005,005-017,002,280000.0,0.0,2265,2026-01-24 11:15:19,F,
952,2026-12-31,0033,005,005-011,001,16000.0,0.0,2265,2026-01-24 11:15:19,L,
953,2026-12-31,0033,005,005-011,002,16000.0,0.0,2265,2026-01-24 11:15:19,L,
954,2026-12-31,0043,003,003-003,001,285710.0,0.0,2265,2026-01-24 11:15:19,F,
955,2026-12-31,0043,003,003-003,002,285710.0,0.0,2265,2026-01-24 11:15:19,F,
956,2026-12-31,0043,003,003-003,007,35000.0,0.0,2265,2026-01-24 11:15:19,F,
957,2026-12-31,0043,003,003-003,008,35000.0,0.0,2265,2026-01-24 11:15:19,F,
958,2026-12-31,0043,005,005-003,001,45000.0,0.0,2265,2026-01-24 11:15:19,F,
959,2026-12-31,0043,005,005-003,002,45000.0,0.0,2265,2026-01-24 11:15:19,F,
960,2026-12-31,0043,005,005-009,001,45000.0,0.0,2265,2026-01-24 11:15:19,F,
961,2026-12-31,0043,005,005-009,002,45000.0,0.0,2265,2026-01-24 11:15:19,F,
962,2026-12-31,0043,005,005-005,001,45000.0,0.0,2265,2026-01-24 11:15:19,F,
963,2026-12-31,0043,005,005-005,002,45000.0,0.0,2265,2026-01-24 11:15:19,F,
964,2026-12-31,0043,005,005-011,001,45000.0,0.0,2265,2026-01-24 11:15:19,F,
965,2026-12-31,0043,005,005-011,002,45000.0,0.0,2265,2026-01-24 11:15:19,F,
966,2026-12-31,0043,005,005-012,001,250000.0,0.0,2265,2026-01-24 11:15:19,F,
967,2026-12-31,0043,005,005-012,002,250000.0,0.0,2265,2026-01-24 11:15:19,F,
968,2026-12-31,0043,007,007-001,001,500000.0,0.0,2265,2026-01-24 11:15:19,F,
969,2026-12-31,0043,007,007-001,002,500000.0,0.0,2265,2026-01-24 11:15:19,F,
970,2026-12-31,0043,007,007-001,012,50000.0,0.0,2265,2026-01-24 11:15:19,F,
971,2026-12-31,0043,008,008-001,001,500000.0,0.0,2265,2026-01-24 11:15:19,F,
972,2026-12-31,0043,008,008-001,002,500000.0,0.0,2265,2026-01-24 11:15:19,F,
973,2026-12-31,0043,008,008-001,012,50000.0,0.0,2265,2026-01-24 11:15:19,F,
974,2026-12-31,0043,009,009-001,001,35000.0,0.0,2265,2026-01-24 11:15:19,F,
975,2026-12-31,0043,009,009-001,002,35000.0,0.0,2265,2026-01-24 11:15:19,F,
976,2026-12-31,0043,009,009-002,001,35000.0,0.0,2265,2026-01-24 11:15:19,F,
977,2026-12-31,0043,009,009-002,002,35000.0,0.0,2265,2026-01-24 11:15:19,F,
978,2026-12-31,0043,010,010-001,001,714209.0,0.0,2265,2026-01-24 11:15:19,F,
979,2026-12-31,0043,010,010-001,002,714209.0,0.0,2265,2026-01-24 11:15:19,F,
980,2026-12-31,0043,010,010-001,007,40000.0,0.0,2265,2026-01-24 11:15:19,F,
981,2026-12-31,0043,010,010-001,008,40000.0,0.0,2265,2026-01-24 11:15:19,F,
982,2026-12-31,0043,011,011-001,001,400000.0,0.0,2265,2026-01-24 11:15:19,F,
983,2026-12-31,0043,011,011-001,002,400000.0,0.0,2265,2026-01-24 11:15:19,F,
984,2026-12-31,0046,001,001-003,001,121520.0,0.0,2265,2026-01-24 11:15:19,L,
985,2026-12-31,0046,001,001-003,002,121520.0,0.0,2265,2026-01-24 11:15:19,L,
986,2026-12-31,0046,001,001-002,001,28000.0,0.0,2265,2026-01-24 11:15:19,L,
987,2026-12-31,0046,001,001-002,002,23000.0,0.0,2265,2026-01-24 11:15:19,L,
988,2026-12-31,0046,001,001-002,007,6250.0,0.0,2265,2026-01-24 11:15:19,L,
989,2026-12-31,0046,001,001-002,008,6250.0,0.0,2265,2026-01-24 11:15:19,L,
990,2026-12-31,0047,001,001-004,001,28000.0,0.0,2265,2026-01-24 11:15:19,L,
991,2026-12-31,0047,001,001-004,002,23000.0,0.0,2265,2026-01-24 11:15:19,L,
992,2026-12-31,0047,001,001-004,004,23000.0,0.0,2265,2026-01-24 11:15:19,L,
993,2026-12-31,0047,001,001-004,007,6250.0,0.0,2265,2026-01-24 11:15:19,L,
994,2026-12-31,0047,001,001-004,008,6250.0,0.0,2265,2026-01-24 11:15:19,L,
995,2026-12-31,0047,003,003-004,001,35000.0,0.0,2265,2026-01-24 11:15:19,L,
996,2026-12-31,0047,003,003-004,002,35000.0,0.0,2265,2026-01-24 11:15:19,L,
997,2026-12-31,0047,003,003-004,007,6250.0,0.0,2265,2026-01-24 11:15:19,L,
998,2026-12-31,0047,003,003-004,008,6250.0,0.0,2265,2026-01-24 11:15:19,L,
999,2026-12-31,0047,006,005-002,001,150000.0,0.0,2265,2026-01-24 11:15:19,L,
1000,2026-12-31,0047,006,005-002,002,150000.0,0.0,2265,2026-01-24 11:15:19,L,
1001,2026-12-31,0047,005,005-015,001,35000.0,0.0,2265,2026-01-24 11:15:19,L,
1002,2026-12-31,0047,005,005-015,002,35000.0,0.0,2265,2026-01-24 11:15:19,L,
1003,2026-12-31,0047,005,005-015,007,6250.0,0.0,2265,2026-01-24 11:15:19,L,
1004,2026-12-31,0047,005,005-015,008,6250.0,0.0,2265,2026-01-24 11:15:19,L,
1005,2026-12-31,0051,001,001-001,001,169000.0,0.0,2265,2026-01-24 11:15:19,F,
1006,2026-12-31,0051,001,001-001,002,169000.0,0.0,2265,2026-01-24 11:15:19,F,
1007,2026-12-31,0051,001,001-001,012,46000.0,0.0,2265,2026-01-24 11:15:19,F,
1008,2026-12-31,0051,003,003-003,001,285710.0,0.0,2265,2026-01-24 11:15:19,F,
1009,2026-12-31,0051,003,003-003,002,285710.0,0.0,2265,2026-01-24 11:15:19,F,
1010,2026-12-31,0051,003,003-003,007,35000.0,0.0,2265,2026-01-24 11:15:19,F,
1011,2026-12-31,0051,003,003-003,008,35000.0,0.0,2265,2026-01-24 11:15:19,F,
1012,2026-12-31,0051,004,004-001,001,80000.0,0.0,2265,2026-01-24 11:15:19,F,
1013,2026-12-31,0051,004,004-001,002,80000.0,0.0,2265,2026-01-24 11:15:19,F,
1014,2026-12-31,0051,004,004-001,010,22000.0,0.0,2265,2026-01-24 11:15:19,F,
1015,2026-12-31,0051,004,004-001,012,46000.0,0.0,2265,2026-01-24 11:15:19,F,
1016,2026-12-31,0051,004,004-001,007,30000.0,0.0,2265,2026-01-24 11:15:19,F,
1017,2026-12-31,0051,004,004-001,008,30000.0,0.0,2265,2026-01-24 11:15:19,F,
1018,2026-12-31,0051,005,005-006,001,75000.0,0.0,2265,2026-01-24 11:15:19,F,
1019,2026-12-31,0051,005,005-006,002,75000.0,0.0,2265,2026-01-24 11:15:19,F,
1020,2026-12-31,0051,005,005-004,001,45000.0,0.0,2265,2026-01-24 11:15:19,F,
1021,2026-12-31,0051,005,005-004,002,45000.0,0.0,2265,2026-01-24 11:15:19,F,
1022,2026-12-31,0051,005,005-005,001,45000.0,0.0,2265,2026-01-24 11:15:19,F,
1023,2026-12-31,0051,005,005-005,002,45000.0,0.0,2265,2026-01-24 11:15:19,F,
1024,2026-12-31,0051,007,007-001,001,500000.0,0.0,2265,2026-01-24 11:15:19,F,
1025,2026-12-31,0051,007,007-001,002,500000.0,0.0,2265,2026-01-24 11:15:19,F,
1026,2026-12-31,0051,007,007-001,012,50000.0,0.0,2265,2026-01-24 11:15:19,F,
1027,2026-12-31,0051,008,008-001,001,500000.0,0.0,2265,2026-01-24 11:15:19,F,
1028,2026-12-31,0051,008,008-001,002,500000.0,0.0,2265,2026-01-24 11:15:19,F,
1029,2026-12-31,0051,008,008-001,012,50000.0,0.0,2265,2026-01-24 11:15:19,F,
1030,2026-12-31,0051,009,009-001,001,35000.0,0.0,2265,2026-01-24 11:15:19,F,
1031,2026-12-31,0051,009,009-001,002,35000.0,0.0,2265,2026-01-24 11:15:19,F,
1032,2026-12-31,0051,009,009-002,001,35000.0,0.0,2265,2026-01-24 11:15:19,F,
1033,2026-12-31,0051,009,009-002,002,35000.0,0.0,2265,2026-01-24 11:15:19,F,
1034,2026-12-31,0051,001,001-008,003,30250.0,0.0,2265,2026-01-24 11:15:19,L,
1035,2026-12-31,0052,003,003-003,001,285710.0,0.0,2265,2026-01-24 11:15:19,F,
1036,2026-12-31,0052,003,003-003,002,285710.0,0.0,2265,2026-01-24 11:15:19,F,
1037,2026-12-31,0052,003,003-003,007,35000.0,0.0,2265,2026-01-24 11:15:19,F,
1038,2026-12-31,0052,003,003-003,008,35000.0,0.0,2265,2026-01-24 11:15:19,F,
1039,2026-12-31,0052,004,004-001,001,80000.0,0.0,2265,2026-01-24 11:15:19,F,
1040,2026-12-31,0052,004,004-001,002,80000.0,0.0,2265,2026-01-24 11:15:19,F,
1041,2026-12-31,0052,004,004-001,010,22000.0,0.0,2265,2026-01-24 11:15:19,F,
1042,2026-12-31,0052,004,004-001,012,46000.0,0.0,2265,2026-01-24 11:15:19,F,
1043,2026-12-31,0052,004,004-001,007,30000.0,0.0,2265,2026-01-24 11:15:19,F,
1044,2026-12-31,0052,004,004-001,008,30000.0,0.0,2265,2026-01-24 11:15:19,F,
1045,2026-12-31,0052,005,005-008,001,45000.0,0.0,2265,2026-01-24 11:15:19,F,
1046,2026-12-31,0052,005,005-008,002,45000.0,0.0,2265,2026-01-24 11:15:19,F,
1047,2026-12-31,0052,005,005-020,001,275000.0,0.0,2265,2026-01-24 11:15:19,F,
1048,2026-12-31,0052,005,005-020,002,275000.0,0.0,2265,2026-01-24 11:15:19,F,
1049,2026-12-31,0052,007,007-001,001,500000.0,0.0,2265,2026-01-24 11:15:19,F,
1050,2026-12-31,0052,007,007-001,002,500000.0,0.0,2265,2026-01-24 11:15:19,F,
1051,2026-12-31,0052,007,007-001,012,50000.0,0.0,2265,2026-01-24 11:15:19,F,
1052,2026-12-31,0052,008,008-001,001,500000.0,0.0,2265,2026-01-24 11:15:19,F,
1053,2026-12-31,0052,008,008-001,002,500000.0,0.0,2265,2026-01-24 11:15:19,F,
1054,2026-12-31,0052,008,008-001,012,50000.0,0.0,2265,2026-01-24 11:15:19,F,
1055,2026-12-31,0052,009,009-001,001,35000.0,0.0,2265,2026-01-24 11:15:19,F,
1056,2026-12-31,0052,009,009-001,002,35000.0,0.0,2265,2026-01-24 11:15:19,F,
1057,2026-12-31,0052,009,009-002,001,35000.0,0.0,2265,2026-01-24 11:15:19,F,
1058,2026-12-31,0052,009,009-002,002,35000.0,0.0,2265,2026-01-24 11:15:19,F,
1059,2026-12-31,0052,011,011-001,001,400000.0,0.0,2265,2026-01-24 11:15:19,F,
1060,2026-12-31,0052,011,011-001,002,400000.0,0.0,2265,2026-01-24 11:15:19,F,
1061,2026-12-31,0052,010,010-001,001,714290.0,0.0,2265,2026-01-24 11:15:19,F,
1062,2026-12-31,0052,010,010-001,002,714290.0,0.0,2265,2026-01-24 11:15:19,F,
1063,2026-12-31,0052,010,010-001,007,40000.0,0.0,2265,2026-01-24 11:15:19,F,
1064,2026-12-31,0052,010,010-001,008,40000.0,0.0,2265,2026-01-24 11:15:19,F,
1065,2026-12-31,0052,001,001-013,001,350000.0,0.0,2265,2026-01-24 11:15:19,F,
1066,2026-12-31,0052,001,001-013,002,350000.0,0.0,2265,2026-01-24 11:15:19,F,
1067,2026-12-31,0057,001,001-003,001,121520.0,0.0,2265,2026-01-24 11:15:19,L,
1068,2026-12-31,0057,001,001-003,002,121520.0,0.0,2265,2026-01-24 11:15:19,L,
1069,2026-12-31,0057,001,001-002,001,43000.0,0.0,2265,2026-01-24 11:15:19,L,
1070,2026-12-31,0057,001,001-002,002,43000.0,0.0,2265,2026-01-24 11:15:19,L,
1071,2026-12-31,0059,001,001-002,001,37000.0,0.0,2265,2026-01-24 11:15:19,L,
1072,2026-12-31,0059,001,001-002,002,37000.0,0.0,2265,2026-01-24 11:15:19,L,
1073,2026-12-31,0059,001,001-003,001,121520.0,0.0,2265,2026-01-24 11:15:19,L,
1074,2026-12-31,0059,001,001-003,002,121520.0,0.0,2265,2026-01-24 11:15:19,L,
1075,2026-12-31,0016,005,005-018,001,30000.0,0.0,2265,2026-01-24 11:15:19,L,
1076,2026-12-31,0016,005,005-018,002,30000.0,0.0,2265,2026-01-24 11:15:19,L,
1077,2026-12-31,0024,005,005-010,001,50000.0,0.0,2265,2026-01-24 11:15:19,L,
1078,2026-12-31,0024,005,005-010,002,50000.0,0.0,2265,2026-01-24 11:15:19,L,
1079,2026-12-31,0074,001,001-002,001,35000.0,0.0,2265,2026-01-24 11:15:19,L,
1080,2026-12-31,0074,001,001-002,002,35000.0,0.0,2265,2026-01-24 11:15:19,L,
1081,2026-12-31,0072,001,001-002,001,35000.0,0.0,2265,2026-01-24 11:15:19,L,
1082,2026-12-31,0072,001,001-002,002,35000.0,0.0,2265,2026-01-24 11:15:19,L,
1083,2026-12-31,0060,005,005-005,001,25000.0,0.0,2265,2026-01-24 11:15:19,L,
1084,2026-12-31,0060,005,005-005,002,25000.0,0.0,2265,2026-01-24 11:15:19,L,
