RECID,NUMBER,NAME,TYPE,CREATEDDAT,CREATEDBY
48,0001,BRP GREGORIO VELASQUEZ,L,2022-09-30 09:39:17,1790
49,0002,BRP RAMON ALCARAZ,L,2022-09-30 09:39:17,1790
50,0003,DERYOUNG SUNFLOWER,F,2022-09-30 09:39:17,1790
51,0004,MT FATIME,F,2022-09-30 09:39:17,1790
52,0005,MT PLUMERIA CORAL,F,2022-09-30 09:39:17,1790
53,0006,LPG ST HARMONY,F,2022-09-30 09:39:17,1790
54,0007,MARITIME COMMITY,F,2022-09-30 09:39:17,1790
55,0008,MT ALICE DL,L,2022-09-30 09:39:17,1790
56,0009,MT AVA,L,2022-09-30 09:39:17,1790
57,0010,MT BULUSAN,L,2022-09-30 09:39:17,1790
58,0011,MT ORKIM FORTITUDE,F,2022-09-30 09:39:17,1790
59,0012,MT REDWOOD MARINER,F,2022-09-30 09:39:17,1790
60,0013,MT RIDGEBURY BIRCH,F,2022-09-30 09:39:17,1790
61,0014,MT SAMAL ISLAND,L,2022-09-30 09:39:17,1790
62,0015,MV HAMMONIA BEROLINA,F,2022-09-30 09:39:17,1790
63,0016,MV J PEACE,F,2022-09-30 09:39:17,1790
64,0017,MV SAN RAFAEL DOS,L,2022-09-30 09:39:17,1790
65,0018,MV SHUN SHIANG,F,2022-09-30 09:39:17,1790
66,0019,MV SHUN XIANG,F,2022-09-30 09:39:17,1790
67,0020,MV ZEBRA,F,2022-09-30 09:39:17,1790
68,0021,SL NARRA,L,2022-09-30 09:39:17,1790
69,0022,TLC 01,F,2022-09-30 09:39:17,1790
70,0023,LPG DL ZINNIA,F,2022-10-04 13:15:00,2364
71,0024,MV KOOKYANG EXPRESS,F,2022-10-13 13:53:04,2364
72,0025,MV CH DORIS,F,2022-10-13 13:53:15.999000,2364
73,0026,MV CH DORIS,F,2022-10-13 13:59:32,2364
74,0027,MV VENUS,F,2022-10-17 09:15:12,2364
75,0028,MT PELAGIC TARPON,F,2022-10-19 14:48:03.999000,2364
76,0029,MT BULUSAN II,L,2022-10-19 14:49:35,2364
77,0030,MT MARLIN AMETHYST,F,2022-10-25 09:37:02,2364
78,0031,MT CASANDRA,L,2022-10-25 13:06:08,2364
79,0032,MV ISHIZUCHI STAR,F,2022-10-27 08:43:27.999000,2364
80,0033,MTKR HELANE,F,2022-10-27 09:51:43.999000,2364
81,0034,MV UNIVERSE WEALTHY,F,2022-10-27 10:49:18.999000,2364
82,0035,MT DOCOMO,F,2022-10-27 14:35:18.999000,2364
83,0036,MTKR VL 23,F,2022-10-27 15:46:44.999000,1790
84,0037,MTKR NIKOS M,F,2022-10-29 11:56:15,2364
85,0038,MV TUAN DUNG 36,F,2022-10-31 15:38:19.999000,2364
86,0039,MV JOSCO NANJING,F,2022-11-02 08:44:47,2364
87,0040,MV MALACCA STRAIT,F,2022-11-02 08:45:26.999000,2364
88,0041,MT GOTLAND ALIYA,F,2022-11-02 11:20:48.999000,2364
89,0042,MT EASTERN IRIS,F,2022-11-04 15:57:02.999000,2364
90,0043,MV ANNIE SILMER,F,2022-11-10 09:52:52,2364
91,0044,MV OUPULAI 18,F,2022-11-10 10:11:27.999000,2364
92,0045,MT CHANG HANG LAN JING,F,2022-11-11 11:18:54,2364
93,0046,MV OCEAN BRIGHT,F,2022-11-11 11:45:23,2364
94,0047,MT CRIMSON JADE,F,2022-11-14 09:17:03.999000,2364
95,0048,MV HAI HA 58,F,2022-11-14 09:17:56.999000,2364
96,0049,MV EAST BANGKOK,F,2022-11-14 09:23:09.999000,2364
97,0050,MV MERIDIAN CINCO,L,2022-11-14 09:59:12,2364
98,0051,MV LORCON DUMAGUETE,L,2022-11-14 11:20:40,2364
99,0052,MV WAN HE,F,2022-11-22 14:41:06.999000,2364
100,0053,MT HANSA SEA LEADER,F,2022-11-24 10:34:54,2364
101,0054,MT YONG FENG SHUN,F,2022-11-25 10:00:37.999000,2364
102,0055,MT WAWASAN TOPAZ,F,2022-11-25 10:10:33,2364
103,0056,MV GLOBE 6,F,2022-11-28 09:11:35,2364
104,0057,MV FLC LONGEVITY,F,2022-11-30 10:21:20,2364
105,0058,MT ALBERT DL,L,2022-12-01 10:07:05,2364
106,0059,MV GOLDEN LOTUS,F,2022-12-02 09:01:55,2364
107,0060,MTKR ST. NICOLAS,F,2022-12-03 08:51:56,2364
108,0061,MTKR PLUMERIA CORAL,F,2022-12-07 16:14:32.999000,2364
109,0062,MV HAI BIN 16,F,2022-12-08 11:21:49.999000,2364
110,0063,MT GOLDEN OCEAN 26,F,2022-12-09 16:08:57,2364
111,0064,MV MERIDIAN DOS,L,2022-12-10 11:05:27,2364
112,0065,BARGE AO1,L,2022-12-14 14:43:42.999000,2364
113,0066,HOYA GRACE,L,2022-12-15 13:24:48.999000,2364
114,0067,MV TTC HAI PHONG,F,2022-12-19 13:46:40,2364
115,0068,MV ER MADEN,F,2022-12-19 14:45:14,2364
116,0069,MV OCEAN GRACE,F,2022-12-22 09:07:54.999000,2364
117,0070,MV OCEAN CRYSTAL,F,2022-12-28 09:36:10,2364
118,0071,MV LONG TAN 239,F,2022-12-29 10:15:24.999000,2364
119,0072,MV XING NING HAI,F,2022-12-29 10:15:40.999000,2364
120,0073,MTKR ATLANTIC BREEZE,F,2023-01-03 09:50:32,2364
121,0074,MV J. LUCK,F,2023-01-03 09:50:51.999000,2364
122,0075,MT MTM HONGKONG,F,2023-01-03 09:51:25.999000,2364
123,0076,MTKR ATLANTICA BREEZE,F,2023-01-03 10:07:45.999000,2364
124,0077,MT VELA,F,2023-01-05 09:00:50,2364
125,0078,MT GRAND ACE 11,F,2023-01-09 13:08:23.999000,2364
126,0079,MT DORADO,F,2023-01-09 13:22:58.999000,2364
127,0080,MTKR DORADO,F,2023-01-09 13:42:15.999000,2364
128,0081,MV APOLLO FIRST,F,2023-01-10 16:20:38.999000,2364
129,0082,MTKR MARISEL,L,2023-01-12 10:14:16,2364
130,0083,MV BELRAY,F,2023-01-12 10:32:11,2364
131,0084,MTKR CEPOLIS,F,2023-01-12 10:32:35,2364
132,0085,MV MY KONOS WAVE,F,2023-01-12 10:33:10,2364
133,0086,MV QUANG MINH 5,F,2023-01-12 11:32:47,2364
134,0087,MT FS 2,L,2023-01-13 14:02:29,2364
135,0088,MV AS ELENIA,F,2023-01-18 15:17:12.999000,2364
136,0089,MT RHINE,F,2023-01-19 14:25:58,2364
137,0090,MT KARDIANI,F,2023-01-21 10:55:20.999000,2364
138,0091,MV TRUONG LOC 16,F,2023-01-21 16:31:23.999000,2364
139,0092,MT CHALLENGE PROSPECT,F,2023-01-23 10:25:28.999000,2364
140,0093,MTKR MTC APITONG,L,2023-01-25 14:45:56.999000,2364
141,0094,MV REMY ENTERPRISE,F,2023-01-27 16:53:12,2364
142,0095,MV SATURN,F,2023-01-30 14:01:31.999000,2364
143,0096,MV XIN AN YUAN,F,2023-01-31 16:39:14,2364
144,0097,MT NORD VANGUARD,F,2023-02-03 16:34:26,2364
145,0098,MV MP STAR,F,2023-02-06 16:03:41.999000,2364
146,0099,MV LI XIANG,F,2023-02-07 11:25:29,2364
147,0100,MV PEACE,F,2023-02-09 08:55:54,2364
148,0101,MT HIGH PROSPERITY,F,2023-02-11 08:49:57,2364
149,0102,MT OKEE ULF,F,2023-02-14 10:18:53.999000,2364
150,0103,MV MAGIC THUNDER,F,2023-02-18 12:10:50,2364
151,0104,MV DIANTHUS,F,2023-02-27 08:41:40,2364
152,0105,MT LITTLE MILL,F,2023-02-27 15:28:30,2364
153,0106,MT WECO MALOU,F,2023-03-02 08:58:01.999000,2364
154,0107,MT YM JUPITER,F,2023-03-02 09:58:30.999000,2364
155,0108,MT CHELSEA ENDURANCE,L,2023-03-17 11:10:10.999000,2364
156,0109,MT EMERALD EXPRESS,F,2023-03-17 16:24:43.999000,2364
157,0110,MV CALA PICCOLA,F,2023-03-18 09:58:25,2364
158,0111,FEDERAL ILLINOIS,F,2023-03-18 17:28:13,2364
159,0112,MT AKATSUKI MARU,F,2023-03-20 09:23:11,2364
160,0113,MV HG PERTH,F,2023-03-20 12:49:49,2364
161,0114,MT METIS,F,2023-03-20 12:52:39,2364
162,0115,MT PANGLAO ISLAND,L,2023-03-20 12:59:10,2364
163,0116,MT MARINGAL,L,2023-03-24 10:16:39.999000,2364
164,0117,MV GREEN BRAZIL,F,2023-03-24 15:24:30.999000,2364
165,0118,MT JAG PRAKASH,F,2023-03-25 14:19:28.999000,2364
166,0119,MT WINNER,F,2023-03-31 14:47:54.999000,2364
167,0120,MV SANTA BARBARA,F,2023-04-11 15:47:01.999000,2364
168,0121,MT GB VENTURE,F,2023-04-15 14:51:57.999000,2364
169,0122,MT VAST OCEAN 5,F,2023-04-15 14:56:31,2364
170,0123,MV JACOB H,F,2023-04-15 14:57:39,2364
171,0124,MV VAST OCEAN 5,F,2023-04-17 09:41:03.999000,2364
172,0125,MT DEE 4 LARCH,F,2023-04-17 12:36:55,2364
173,0126,MV TRANSFORMER OL,F,2023-04-18 15:30:20.999000,2364
174,0127,VIMC FREEDOM,F,2023-04-22 11:53:49.999000,2364
175,0128,MV SPETSES SPIRIT,F,2023-04-22 11:56:26.999000,2364
176,0129,BW PANTHER,F,2023-04-22 12:13:41,2364
177,0130,MV MARIWIT,F,2023-04-26 09:11:53.999000,2364
178,0131,MT DING HENG 36,F,2023-04-28 11:11:02.999000,2364
179,0132,MV SKY HIGH SW,F,2023-04-29 08:59:53.999000,2364
180,0133,MV PATRIOT SW,F,2023-05-06 09:25:33,2364
181,0134,MT PEREGRINE PACIFIC,F,2023-05-09 14:08:13.999000,2364
182,0135,MV SWEET LYDIA,F,2023-05-09 14:08:47,2364
183,0136,MV GLOBE EXPLORER,F,2023-05-09 14:09:04.999000,2364
184,0137,MT GLORIOUS SUNSHINE,F,2023-05-18 21:32:09.999000,2364
185,0138,MT PINE EXPRESS,F,2023-05-22 09:56:59,2364
186,0139,MV CALA PEVERO,F,2023-05-24 13:13:56.999000,2364
187,0140,MT ULAYA,F,2023-05-27 09:42:36,2364
188,0141,MV FORTUNE TIGER,F,2023-05-29 09:20:04.999000,2364
189,0142,MV FIGEAC,F,2023-05-31 09:49:27,2364
190,0143,MV FEI PENG,F,2023-05-31 11:46:38.999000,2364
191,0144,MT MENUETT,F,2023-06-05 10:10:13.999000,2364
192,0145,MV SAN ANTONIO,F,2023-06-07 15:27:02,2364
193,0146,MTKR LAGAVULIN,F,2023-06-07 15:28:08,2364
194,0147,MV HAFNIA TURQUOISE,F,2023-06-13 09:10:05,2364
195,0148,MT CAPELA,F,2023-06-14 13:14:25,2364
196,0149,MT PIS POLARIS,F,2023-06-20 13:31:38.999000,2364
197,0150,MT PALERMO,F,2023-06-22 16:28:36,2364
198,0151,MT JEWEL FAITH,L,2023-06-29 09:09:36,2364
199,0152,MTKR NTC LAWIN,L,2023-06-29 09:28:40.999000,2364
200,0153,MV AENEAS,F,2023-07-04 09:03:14.999000,2364
201,0154,MV RASALAS,L,2023-07-04 15:47:34,2364
202,0155,DOÑA CAROLINE JOY,L,2023-07-05 12:03:22.999000,2364
203,0156,DON ALFREDO SR3,L,2023-07-05 12:05:18,2364
204,0157,DON CEFERINO ALFREDO,L,2023-07-08 17:30:49.999000,2364
205,0158,MV GOLD EAGLE,F,2023-07-08 17:32:17,2364
206,0159,NTC FLAMINGO,L,2023-07-11 11:06:52.999000,2364
207,0160,MTKR SK LINE 1,F,2023-07-11 11:16:28,2364
208,0161,MTKR LADY LILIBETH,F,2023-07-11 12:04:14.999000,2364
209,0162,SH SARAH,F,2023-07-11 12:04:31,2364
210,0163,MT ARDMORE ENDURANCE,F,2023-07-13 08:55:57.999000,2364
211,0164,MV GREEN ITALIA,F,2023-07-13 10:01:16,2364
212,0165,MV T&T GOLD,F,2023-07-20 09:11:43,2364
213,0166,MT CENTENNIAL MATSUYAMA,F,2023-07-20 13:55:40,2364
214,0167,MV IRIS PAOAY,L,2023-07-21 15:08:19.999000,2364
215,0168,MV SWAN RIVER,F,2023-07-24 11:19:00.999000,2364
216,0169, MV PORT ALBERNI,F,2023-07-24 11:40:52.999000,2364
217,0170,MT RICH RAINBOW,F,2023-07-25 09:24:37.999000,2364
218,0171,MT RICH RAINBOW,F,2023-07-25 10:31:16.999000,2364
219,0172,MT HARRISBURG,F,2023-07-31 09:08:54,2364
220,0173,MV IMOGEN,F,2023-08-02 09:27:14.999000,2364
221,0174,JIN HAI PING,F,2023-08-02 09:42:24.999000,2364
222,0175,MT MATIPUNO,L,2023-08-04 10:04:15,2364
223,0176,MV SPAN ASIA 25,L,2023-08-04 15:51:24,2364
224,0177,PACIFIC INTEGRITY,F,2023-08-07 13:12:39,2364
225,0178,MV THERESA HEBEI,F,2023-08-07 13:12:50.999000,2364
226,0179,MT CLEAR OCEAN GINGKO,F,2023-08-07 13:47:33.999000,2364
227,0180,OCEAN GRACE 01,L,2023-08-11 11:30:56.999000,2364
228,0181,MT STAR EAGLE,F,2023-08-11 17:21:13.999000,2364
229,0182,DON CHARLES ROBERT,L,2023-08-15 17:11:46,2364
230,0183,MV LORCON ILOILO,L,2023-08-16 09:54:08,2364
231,0184,MT DALMACIJA,F,2023-08-17 09:06:41.999000,2364
232,0185,MV DARYA RAMA,F,2023-08-17 09:29:54,2364
233,0186,MT ALINYA,F,2023-08-17 15:26:54,2364
234,0187,MARITIME VERITY,F,2023-08-18 15:01:18,2364
235,0188,MV SPAN ASIA 32,L,2023-08-19 09:26:26,2364
236,0189,MT ARRAN,F,2023-08-22 14:23:59,2364
237,0190,MV TAYSON 2,F,2023-08-24 11:47:42,2364
238,0191,MT ANIMO,L,2023-08-24 17:22:31,2364
239,0192,MV HOSEI HIMALAYA,F,2023-08-30 09:31:39.999000,2364
240,0193,MT SEAWAYS ROSE,F,2023-09-05 15:34:39.999000,2364
241,0194,MT WEI CHI,F,2023-09-11 12:28:58.999000,2364
242,0195,MV XING RON HE,F,2023-09-11 16:13:32,2364
243,0196,MV JENNY LUCKY,F,2023-09-11 16:16:29,2364
244,0197,MV OCEAN HARMONY,F,2023-09-12 17:06:33,2364
245,0198,MT MAGNOLIA EXPRESS,F,2023-09-18 10:25:40.999000,2364
246,0199,MT AKANE,F,2023-09-18 16:34:49.999000,2364
247,0200,ULTRA REGINA,F,2023-09-23 09:34:17.999000,2364
248,0201,DUC DAT 666,F,2023-09-25 11:22:16,2364
249,0202,MT VOLTA,F,2023-09-27 13:02:52,2364
250,0203,MT CHALLENGE PRELUDE,F,2023-09-27 13:14:19.999000,2364
251,0204,MV SPAN ASIA 11,L,2023-10-09 12:46:37.999000,2364
252,0205,MV JIA FOISON,F,2023-10-09 12:49:39,2364
253,0206,MV LUCKY EILEEN,F,2023-10-09 15:13:42,2364
254,0207,MT NAVIGATE GUIDE,F,2023-10-11 10:26:55.999000,2364
255,0208,MT CONSTANCE,F,2023-10-12 09:17:10,2364
256,0209,MT QUIAN CHI,F,2023-10-12 09:17:38,2364
257,0210,DOÑA DANESSA ISOBEL,L,2023-10-13 15:55:02.999000,2364
258,0211,MV THANH BA,F,2023-10-16 09:23:07,2364
259,0212,MV XIN XIANG HE,F,2023-10-19 09:16:06.999000,2364
260,0213,CL EMILY BRONTE,F,2023-10-20 08:41:32,2364
261,0214,SPAN ASIA 27,L,2023-10-23 11:03:27,2364
262,0215,MV J BELA,L,2023-10-23 15:36:30.999000,2364
263,0216,MV VW SAFETY,F,2023-11-02 09:50:27.999000,2364
264,0217,MT HAFNIA HENRIETTE,F,2023-11-09 16:24:41,2364
265,0218,MV PAN CLOVER,F,2023-11-11 09:34:23.999000,2364
266,0219,MT NEPTUNE STAR,F,2023-11-14 15:23:37.999000,2364
267,0220,MT NORD MINAMI,F,2023-11-15 00:53:11.999000,2364
268,0221,MT SOUTHERN TURKEY,F,2023-11-15 20:10:25,2364
269,0222,MTKR NORD VISION,F,2023-11-21 10:47:42.999000,2364
270,0223,MT UNIQUE GUARDIAN,F,2023-11-22 15:31:16,2364
271,0224,MTM DUBLIN,F,2023-11-24 12:40:11.999000,2364
272,0225,MV CMA CGM PUGET,F,2023-11-25 16:01:13.999000,2364
273,0226,MV UNI WISDOM,F,2023-11-28 14:16:05,2364
274,0227,MV LUCKY WISDOM,F,2023-11-28 14:16:19,2364
275,0228,NTC FALCON,L,2023-11-28 14:39:03,2364
276,0229,GENERAL NATIVIDAD,L,2023-11-30 10:10:59.999000,2364
277,0230,BW TIGER,F,2023-12-06 14:00:12.999000,2364
278,0231,MV OCEAN PEACE 8,F,2023-12-07 09:01:18,2364
279,0232,MV PEACE GARDEN,F,2023-12-09 15:58:44.999000,2364
280,0233,MV KUWANA,F,2023-12-11 14:42:41,2364
281,0234,NTC HARIBON,L,2023-12-13 08:52:14.999000,2364
282,0235,LPG VIS,F,2023-12-21 09:11:19,2364
283,0236,TM AMAZON,F,2023-12-23 09:41:30,2364
284,0237,MT MAGLINGAP,L,2023-12-27 13:05:23,2364
285,0238,MV BROAD GLORY,F,2024-01-02 11:55:57.999000,2364
286,0239,MT SOUTHERN BELUGA,F,2024-01-02 15:42:31,2364
287,0240,MT CORAL EXPRESS,F,2024-01-04 09:10:14,2364
288,0241,MV LILA TOCHIGI,F,2024-01-04 11:52:56,2364
289,0242,BLUE AKIHABARA,F,2024-01-06 09:04:48,2364
290,0243,MV FU ZHI,F,2024-01-09 13:09:36,2364
291,0244,MV LORCON BACOLOD,L,2024-01-10 10:00:52.999000,2364
292,0245,MV FUTURE OCEAN,F,2024-01-13 16:19:09.999000,2364
293,0246,MV PETALON,F,2024-01-16 15:14:58.999000,2364
294,0247,MV LORCON MANILA,L,2024-01-19 16:26:20.999000,2364
295,0248,MV HOANG DUONG STAR,F,2024-01-22 10:09:57,2364
296,0249,LCT 808,L,2024-01-22 10:24:10,2364
297,0250,BW EGRET,F,2024-01-24 12:03:05,2364
298,0251,MT HELLAS APHRODITE,F,2024-01-25 10:10:57.999000,2364
299,0252,MV AN BINH 18,F,2024-01-25 10:47:10,2364
300,0253,DOÑA DARIANA BRIELLE,L,2024-02-01 12:12:59.999000,2364
301,0254,MT THERESA EMPAT,F,2024-02-01 16:44:20.999000,2364
302,0255,MV JIA DA,F,2024-02-08 17:16:37.999000,2364
303,0256,MT ISLAND EXPRESS,F,2024-02-09 09:29:46,2364
304,0257,MV YANGZE 7,F,2024-02-10 16:09:44.999000,2364
305,0258,MV THAI BINH 38,F,2024-02-14 09:39:04.999000,2364
306,0259,MT FAIRCHEM GRUTTO,F,2024-02-15 09:52:27.999000,2364
307,0260,MV JIN WAN,F,2024-02-16 09:08:09.999000,2364
308,0261,MT FALCON ROYAL,F,2024-02-19 08:59:29,2364
309,0262,MT HAI HONG,F,2024-02-20 08:41:48,2364
310,0263,MT CHAMPION ENDURANCE,F,2024-02-22 08:51:56,2364
311,0264,MT ESPADA,L,2024-02-27 09:04:18,2364
312,0265,MT MALINGAP,L,2024-02-28 14:53:25,2364
313,0266,MV HTK DISCOVERY,F,2024-03-04 14:10:18.999000,2364
314,0267,MV J PHIA,F,2024-03-07 09:01:26,2364
315,0268,MV HIROMI,F,2024-03-07 09:47:31.999000,2364
316,0269,MV TAN AN BONANZA,F,2024-03-08 09:17:11.999000,2364
317,0270,MT ALPINE EAGLE,F,2024-03-11 09:01:19,2364
318,0271,MT PVT NEPTUNE,F,2024-03-11 09:11:35,2364
319,0272,MV MINH CONG 68,F,2024-03-14 09:12:22.999000,2364
320,0273,MT CHANG HANG XING YUN,F,2024-03-14 13:08:39.999000,2364
321,0274,MV HUI SHUN NO. 1,F,2024-03-18 08:57:49.999000,2364
322,0275,MT MARICEL,L,2024-03-18 14:27:23.999000,2364
323,0276,MT GULF BAYNUNAH,F,2024-03-20 16:55:14.999000,2364
324,0277,MV DONG XIANG,F,2024-03-21 09:33:42,2364
325,0278,MT HAFNIA LIONESS,F,2024-03-26 08:59:08.999000,2364
326,0279,MV LOWLANDS CRIMSON,F,2024-03-27 16:21:43,2364
327,0280,STAR MERLIN,F,2024-04-05 10:59:17,2364
328,0281,MV ORIENTAL STAR,F,2024-04-08 08:32:20.999000,2364
329,0282,MT MAGINOO,L,2024-04-11 08:55:12.999000,2364
330,0283,MT MASINOP,L,2024-04-11 08:57:12.999000,2364
331,0284,MT MAALAB,L,2024-04-11 08:58:53.999000,2364
332,0285,ASTIR LADY,F,2024-04-11 09:20:19.999000,2364
333,0286,MT HAI XIN YOU 619,F,2024-04-12 11:01:33.999000,2364
334,0287,AN THINH PHU 08,F,2024-04-15 09:06:39,2364
335,0288,MT DRACO,F,2024-04-16 08:55:42.999000,2364
336,0289,MTKR DRACO,F,2024-04-16 09:12:58,2364
337,0290,MV FELICIA K,F,2024-04-16 10:50:29,2364
338,0291,INDONESIAN BULKER,F,2024-04-17 16:48:10.999000,2364
339,0292,SEAWAYS CITRON,F,2024-04-18 08:44:46,2364
340,0293,SC PETREL,F,2024-04-20 14:25:14,2364
341,0294,MP PACIFIC,F,2024-04-23 08:27:11,2364
342,0295,ZHONG TE YUN 9,F,2024-04-23 08:36:09.999000,2364
343,0296,MT ARDMORE SEAVALIANT,F,2024-04-23 14:18:13.999000,2364
344,0297,MV MISTRAL,F,2024-05-03 10:40:07,2364
345,0298,MT STENA IMPERATOR,F,2024-05-03 10:47:34.999000,2364
346,0299,MT WOOJIN KELLY,F,2024-05-03 14:19:34,2364
347,0300,NH SIRI,F,2024-05-07 16:11:06.999000,2364
348,0301,MT ALPINE MYSTERY,F,2024-05-07 16:20:27,2364
349,0302,MV GREEN CHILE,F,2024-05-08 08:23:30,2364
350,0303,NASICO EAGLE,F,2024-05-08 14:30:14.999000,2364
351,0304,MT NH SIRI,F,2024-05-09 09:28:40,2364
352,0305,MV TAN BINH 259,F,2024-05-10 10:09:42,2364
353,0306,MT PRINCESS AMBER,F,2024-05-11 09:04:34.999000,2364
354,0307,MV CLIPPER FAIR,F,2024-05-11 09:52:37,2364
355,0308,ZHONG QUAN 07,F,2024-05-11 10:15:48.999000,2364
356,0309,MT CALLY,L,2024-05-13 11:10:15,2364
357,0310,MT HARRIS,F,2024-05-13 11:30:36.999000,2364
358,0311,MV HOA BINH 09,F,2024-05-15 13:16:28,2364
359,0312,LPG GAS CAUYAN,F,2024-05-17 15:30:49.999000,2364
360,0313,MV EFESSOS WAVE,F,2024-05-17 15:31:24,2364
361,0314,MTKR VSM UNITY,F,2024-05-21 09:01:55,2364
362,0315,BLUE BUTTERFLY,F,2024-05-24 13:24:18,2364
363,0316,MV MIN HUY 19,F,2024-05-27 11:20:56.999000,2364
364,0317,MT PARTRIDGE PACIFIC,F,2024-05-29 08:36:02.999000,2364
365,0318,MV AQUAMARINE,F,2024-05-29 13:58:11,2364
366,0319,MV VOYAGER NO.1,F,2024-05-29 15:02:05,2364
367,0320,MT TUNTIGA,F,2024-06-03 11:17:33,2364
368,0321,MV PHC FORTUNE,F,2024-06-06 10:59:44,2364
369,0322,MT HAFNIA TAURUS,F,2024-06-06 17:31:19.999000,2364
370,0323,MV XIN QI XING,F,2024-06-10 08:45:24,2364
371,0324,MTKR THERESA LIMA,F,2024-06-10 16:45:14.999000,2364
372,0325,MT TORM RAGNHILD,F,2024-06-13 15:51:45,2364
373,0326,MTC GUIJO,L,2024-06-19 11:43:06.999000,2364
374,0327,MT ATLANTIC MARBLE,F,2024-06-21 09:02:50.999000,2364
375,0328,MT TRF MANDAL,F,2024-06-21 09:18:17.999000,2364
376,0329,MTKR PACIFIC ERA,F,2024-06-22 10:07:07,2364
377,0330,NTC HERON,L,2024-06-24 09:04:50.999000,2364
378,0331,MV GREEN SEA,F,2024-06-24 09:19:34.999000,2364
379,0332,MT TORM TORINO,F,2024-06-25 14:58:29,2364
380,0333,SL MOLAVE,L,2024-06-25 16:14:13.999000,2364
381,0334,MT ERNESTO UNO,L,2024-06-25 16:26:15,2364
382,0335,MT ATROTOS,F,2024-06-25 17:04:29.999000,2364
383,0336,MV DD VOGUE,F,2024-06-28 11:49:46.999000,2364
384,0337,MT HAFNIA ARAGONITE,F,2024-06-29 08:44:20.999000,2364
385,0338,TORM TORINO,F,2024-07-01 09:17:46,2364
386,0339,YU QIANG,F,2024-07-03 09:53:21,2364
387,0340,BW BATANGAS,L,2024-07-03 10:08:21.999000,2364
388,0341,MT TONG YOUNG,F,2024-07-03 10:09:28.999000,2364
389,0342,DNEX PACIFIC LINK,F,2024-07-06 13:09:27,2364
390,0343,MTKR TONG YOUNG,F,2024-07-08 10:14:35.999000,2364
391,0344,GIRASOLE RIVER,F,2024-07-08 15:15:26,2364
392,0345,THANG LONG GAS,F,2024-07-09 08:43:35.999000,2364
393,0346,ARSOS M,F,2024-07-16 10:07:15.999000,2364
394,0347,MT AMYLA,F,2024-07-16 15:25:33,2364
395,0348,MV KEN HOU,F,2024-07-17 14:46:56.999000,2364
396,0349,MV DONG AN,F,2024-07-19 08:26:10.999000,2364
397,0350,MT ENERGY APOLLO,F,2024-07-22 14:20:04,2364
398,0351,MT HE CHI,F,2024-07-23 15:25:49,2364
399,0352,CSC PEACE,F,2024-07-23 15:57:59.999000,2364
400,0353,MV HTK PHOENIX,F,2024-07-25 09:03:42.999000,2364
401,0354,HC PIONEER,F,2024-08-01 09:01:01.999000,2364
402,0355,MV OCEAN GRACIOUS,F,2024-08-01 11:43:46,2364
403,0356,MT LA DIGUE,F,2024-08-02 14:19:42.999000,2364
404,0357,MV VINH QUANG STAR,F,2024-08-05 08:36:44,2364
405,0358,MV HAI JIN,F,2024-08-07 08:34:24,2364
406,0359,MV FEDERAL IMPACT,F,2024-08-07 10:50:08,2364
407,0360,MT QUI CHI,F,2024-08-12 08:35:47.999000,2364
408,0361,MV IKI,F,2024-08-12 08:35:58,2364
409,0362,MT ENERGY ACHILLES,F,2024-08-13 16:06:46.999000,2364
410,0363,MT FJELLANGER,F,2024-08-13 16:07:32.999000,2364
411,0364,MT NORD JOY,F,2024-08-17 10:13:03.999000,2364
412,0365,SILVER LEO,F,2024-08-19 08:30:13.999000,2364
413,0366,SEA PROMISE,F,2024-08-19 08:38:16.999000,2364
414,0367,MV DIAVOLEZZA,F,2024-08-20 08:49:09.999000,2364
415,0368,HAFNIA AMETRINE,F,2024-08-27 08:38:41,2364
416,0369,MT PUFFIN PACIFIC,F,2024-08-30 10:27:36,2364
417,0370,TRUONG AN 05,F,2024-09-04 13:19:44,2364
418,0371,VINH QUANG STAR,F,2024-09-04 13:25:18.999000,2364
419,0372,MV YANGZE 32,F,2024-09-09 08:33:26.999000,2364
420,0373,MV DK ILIOS,F,2024-09-10 15:01:28,2364
421,0374,MV TAN AN ADVANCE,F,2024-09-11 09:24:33,2364
422,0375,MV VIEN DONG 3,F,2024-09-12 10:46:47,2364
423,0376,MTKR ATLANTIC T,F,2024-09-13 10:59:27.999000,2364
424,0377,SHUN XIN HE XIE,F,2024-09-14 08:40:59.999000,2364
425,0378,LORCON GENERAL SANTOS,L,2024-09-14 09:44:32.999000,2364
426,0379,MT LPG/C VIS,F,2024-09-14 15:39:31,2364
427,0380,MV KEN RYU,F,2024-09-16 10:36:13.999000,2364
428,0381,MV HUNAN,F,2024-09-17 08:44:24,2364
429,0382,MT FPMC 25,F,2024-09-17 13:14:52,2364
430,0383,MT SK LINE 1,F,2024-09-20 11:33:47,2364
431,0384,MT JAG PUSHPA,F,2024-09-23 08:24:11.999000,2364
432,0385,NEW VESSEL,F,2024-09-23 15:28:13.999000,2364
433,0386,MV ZHONG WANG KE DA,F,2024-09-26 14:46:22,2364
434,0387,ARIES SAKURA,F,2024-10-14 00:00:00,1790
435,0388,LPG/C HONG TAI,F,2024-10-14 00:00:00,1790
436,0389,MT CARONI PLAIN,F,2024-10-14 00:00:00,1790
437,0390,MT EASTERLY BIRDIE,F,2024-10-14 00:00:00,1790
438,0391,MT PRINCESS SANGO,F,2024-10-14 00:00:00,1790
439,0392,OCEAN 86,F,2024-10-14 00:00:00,1790
440,0393,OCEAN STAR,F,2024-10-14 00:00:00,1790
441,0394,SL TINDALO,L,2024-10-14 00:00:00,1790
445,0398,MT ANGEL STAR,F,2024-10-14 10:53:44,2364
448,0401,ARIES SAKURA,F,2024-10-28 16:23:36.999000,9039
449,0402,MT GRAND ACE 6,F,2024-11-01 12:20:40.999000,9039
450,0403,MT LUCKY MAY,F,2024-11-01 12:22:15,9039
451,0404,MT PYXIS KARTERIA,F,2024-11-01 12:29:35.999000,9039
452,0405,MV SEA HAWK,F,2024-11-01 12:32:23,9039
453,0406,MV SEIYO SPRING,F,2024-11-01 12:33:45,9039
454,0407,MV THAI BINH 68,F,2024-11-01 12:34:59,9039
455,0408,MT THERESA TIGA,F,2024-11-04 17:59:31.999000,9039
456,0409,MV DOLPHIN 18,F,2024-11-04 18:06:49.999000,9039
457,0410,MT MURE MURE,F,2024-11-04 18:07:47.999000,9039
458,0411,MT TORM ASTRID,F,2024-11-06 09:46:33,9039
459,0412,MV PRINCE GOLD,F,2024-11-08 14:40:50.999000,9039
460,0413,MT MORNING SPARROW,F,2024-11-09 15:18:56.999000,9039
461,0414,MT GAS MARELLA,F,2024-11-11 13:12:03,1790
462,0415,MV GHARAPURI ISLAND,F,2024-11-14 08:07:54,9039
463,0416,MT ENDEAVOUR II,F,2024-11-14 08:45:38,9039
464,0417,MT NENGYUAN 12,F,2024-11-14 08:50:12,9039
465,0418,MT PHILOXENIA,F,2024-11-14 08:56:52,9039
466,0419,MV JIN FU XING,F,2024-11-16 10:48:47.999000,9039
467,0420,MV STAR 16,F,2024-11-16 10:49:39,9039
468,0421,MT STOLT ALM,F,2024-11-22 11:39:21.999000,9039
469,0422,MT SUPER HERO,F,2024-11-22 11:46:26.999000,9039
470,0423,MV HOA BINH 45,F,2024-11-22 11:58:04.999000,9039
471,0424,MV SUNRISE 69,F,2024-11-22 11:59:37.999000,9039
472,0425,MT MP MR TANKER 3,F,2024-11-25 10:41:38.999000,9039
473,0426,MT JAG POOJA,F,2024-11-25 10:49:55.999000,9039
474,0427,MT NAVIG8 GAUNTLET,F,2024-11-25 10:51:37,9039
475,0428,MT GOLDEN CURL,F,2024-11-25 10:53:35,9039
476,0429,MV THAI BINH 02,F,2024-11-27 14:41:20.999000,9039
477,0430,MV LUGANO STAR,F,2024-11-28 11:33:55.999000,9039
478,0431,MT CHAMPION PULA,F,2024-12-06 17:27:30.999000,9039
479,0432,MT STO LOBELIA,F,2024-12-06 17:29:40,9039
480,0433,MV LOWLANDS LUCK,F,2024-12-07 09:31:09,9039
481,0434,MV DONG THINH,F,2024-12-07 11:48:46.999000,9039
482,0435,MT MONT BLANC I,F,2024-12-11 09:48:04,9039
483,0436,MT SHENG HANG 003,F,2024-12-11 16:32:41,9039
484,0437,MT DIAMOND EXPRESS,F,2024-12-12 13:23:35.999000,9039
485,0438,SRDC LLT OIL SPILL DRILL,L,2024-12-17 14:11:47,9039
486,0439,MV  HC GLORY,F,2024-12-21 14:33:57.999000,9039
487,0440,MT JOY 120,L,2024-12-23 09:54:00,9039
488,0441,MT AUGENSTERN,F,2024-12-28 15:21:09.999000,9039
489,0442,MV CARL OLDENDORF,F,2025-01-02 09:53:03.999000,9039
490,0443,MT MARAN GAS PSARA,F,2025-01-02 09:55:03.999000,9039
491,0444,MT THERESA DUA,F,2025-01-02 11:33:41.999000,9039
492,0445,MV GOLD RIVER,F,2025-01-07 10:06:06,9039
493,0446,MT STOLT LIND,F,2025-01-08 15:23:05,9039
494,0447,MV FULVIA,F,2025-01-10 10:16:46,9039
495,0448,MV FU XING LUN,F,2025-01-10 10:17:58,9039
496,0449,MV AN CHANG,F,2025-01-10 10:18:10.999000,9039
497,0450,MV BULK MUSTIQUE,F,2025-01-13 16:42:05,9039
498,0451,MV RU CHENG SHAN,F,2025-01-13 17:09:24,9039
499,0452,MT FENG YI 3,F,2025-01-13 17:09:39,9039
500,0453,MV CAMBERWELL,F,2025-01-14 10:14:18.999000,9039
501,0454,MT PRINCESS TOPAZ,F,2025-01-15 10:57:11,9039
502,0455,MT STI GRAMERCY,F,2025-01-15 14:58:06,9039
503,0456,MT SAMPOW PALM,F,2025-01-17 09:35:26,9039
504,0457,LPG/C ESMERALDA,F,2025-01-20 10:55:14.999000,9039
505,0458,MV TAN AN CONFIDENCE,F,2025-01-27 10:00:12,9039
506,0459,MV TAN AN HONESTY,F,2025-01-27 10:04:55.999000,9039
507,0460,MV ARIS LUCKY,F,2025-01-27 10:07:19,9039
508,0461,MT FOREVER GLORY,F,2025-01-27 10:49:54,9039
509,0462,MT MISSION,F,2025-01-27 10:51:27,9039
510,0463,MT GRAND WINNER,F,2025-01-27 10:55:13.999000,9039
511,0464,MT GIRONA,L,2025-01-29 10:39:31,9039
512,0465,MT MAUNLAD,L,2025-01-29 13:52:31.999000,9039
513,0466,MV ARIADNI,F,2025-01-31 09:06:56.999000,9039
514,0467,MV STAR 55,F,2025-02-03 14:33:24,9039
515,0468,MV AP QUEEN,F,2025-02-03 15:58:42,9039
516,0469,MT SASA,L,2025-02-04 17:38:14,9039
517,0470,MT DORIC COURAGE,F,2025-02-08 16:47:12.999000,9039
518,0471,MT ATALANTA T,F,2025-02-10 10:29:15.999000,9039
519,0472,MT HAFNIA LEOPARD,F,2025-02-17 11:26:07,9039
520,0473,MV DIMIJOHN A,F,2025-02-17 11:27:21,9039
521,0474,MV WU ZHOU 8,F,2025-02-17 11:28:33,9039
522,0475,MV TAN AN DYNAMIC,F,2025-02-17 11:29:50.999000,9039
523,0476,MT AQUILA,F,2025-02-17 17:26:38.999000,9039
524,0477,MT LEO SUNRISE,F,2025-02-18 08:46:23,9039
525,0478,MV NEW XA LA,F,2025-02-24 14:40:13,9039
526,0479,MV AE VENUS,F,2025-02-24 14:42:04.999000,9039
527,0480,MV SPRING SHINE,F,2025-02-24 14:43:08,9039
528,0481,MV BARROSA,F,2025-02-24 14:43:55.999000,9039
529,0482,MV AFRICAN FLAMINGO,F,2025-02-24 14:45:27.999000,9039
530,0483,MV GN RUBY,F,2025-02-24 14:46:23,9039
531,0484,MV MERIDIAN SIETE,L,2025-02-25 10:06:29,9039
532,0485,MT MANTA,F,2025-02-26 16:30:09.999000,9039
533,0486,MT KOURION,F,2025-02-26 16:37:05.999000,9039
534,0487,MT QUINGUA,L,2025-02-27 09:39:30,9039
535,0488,MT FENG YI 6,F,2025-02-27 22:16:38.999000,9039
536,0489,MV QUANG MINH 29,F,2025-03-01 09:56:25.999000,9039
537,0490,MT ECO II,L,2025-03-07 10:34:13.999000,9039
538,0491,MT YANEE,F,2025-03-07 16:17:29,9039
539,0492,MV HELI,F,2025-03-10 09:47:27,9039
540,0493,MT STOLT DUGONG,F,2025-03-10 15:27:48.999000,9039
541,0494,MV SPAN 55,L,2025-03-10 16:22:58.999000,9039
542,0495,MV SPAN 72,L,2025-03-10 16:23:07.999000,9039
543,0496,MV MAGIC ECLIPSE,F,2025-03-11 16:52:51,9039
544,0497,MV TONG MAO 101,F,2025-03-15 09:34:57,9039
545,0498,MT ATLANTIC SUNSHINE,F,2025-03-17 15:52:47,9039
546,0499,MV SPAN 50,L,2025-03-18 15:12:31.999000,9039
547,0500,MV SPAN ASIA 73,L,2025-03-18 15:12:42,9039
548,0501,MT MAYABONG,L,2025-03-19 15:06:31,9039
549,0502,MV YONG DING HE,F,2025-03-19 15:07:08,9039
550,0503,MT MANTA GALATASARY,F,2025-03-24 09:54:32.999000,9039
551,0504,MT MARITIME GRACIOUS,F,2025-03-24 09:54:45.999000,9039
552,0505,MV BELINDA,F,2025-03-26 13:41:37.999000,9039
553,0506,MT HOUYOSHI EXPRESS II,F,2025-03-26 13:47:06.999000,9039
554,0507,MT YAQUT,F,2025-03-26 13:48:49.999000,9039
555,0508,MT CHANG HANG KAI TUO,F,2025-03-26 13:53:37.999000,9039
556,0509,MT HAEIN HOPE,F,2025-03-26 13:54:36,9039
557,0510,MT PATRIOT,L,2025-03-27 21:04:16,9039
558,0511,MV OCEAN HIRYU,F,2025-03-31 08:45:48.999000,9039
559,0512,MV OCEAN SEAGULL,F,2025-04-03 09:34:53.999000,9039
560,0513,MV LONG TAN 5,F,2025-04-04 09:05:45,9039
561,0514,LCT MONTREAL,L,2025-04-05 18:36:51.999000,9039
562,0515,MT WOOJIN ELVIS,F,2025-04-07 10:10:32,9039
563,0516,MV SPAN 70,L,2025-04-07 15:55:15,9039
564,0517,MV PHC GLORY,F,2025-04-07 15:57:26,9039
565,0518,MT CHAMPION EBONY,F,2025-04-07 16:21:28,9039
566,0519,MT SEAMERIDIAN,F,2025-04-08 10:25:03,9039
567,0520,MV JC TREASURE,F,2025-04-11 09:34:36,9039
568,0521,MV MY HUNG,F,2025-04-21 12:03:40,9039
569,0522,MV CHANG HANG HAO HAI,F,2025-04-21 12:03:59.999000,9039
570,0523,MV EVER CHAMPION,F,2025-04-23 09:00:00,9039
571,0524,MT RM 5,F,2025-04-23 10:42:46.999000,9039
572,0525,MV SHENG JI HAI,F,2025-04-23 14:15:10.999000,9039
573,0526,MV CLIPPER MEDWAY,F,2025-04-23 14:15:44.999000,9039
574,0527,MV RUI NING 21,F,2025-04-23 14:39:28,9039
575,0528,MV LUCKY STAR,F,2025-04-24 10:17:38.999000,9039
576,0529,MT FOREVER DELIGHT,F,2025-04-24 10:23:24,9039
577,0530,MT YUAN YU HE,F,2025-04-24 10:24:17,9039
578,0531,MT NAVE VELOCITY,F,2025-04-24 10:25:06.999000,9039
579,0532,MV SPAN ASIA 70,L,2025-04-25 14:36:32.999000,2265
580,0533,MT DEGU,F,2025-04-29 10:56:28.999000,9039
581,0534,MV DS PROSPERITY,F,2025-05-01 10:19:07,9039
582,0535,MV HOA BINH 54,F,2025-05-02 08:26:56,9039
583,0536,MV SPAN ASIA 55,L,2025-05-03 14:30:13.999000,2265
584,0537,MV 2GO MASINAG,L,2025-05-05 11:42:40,9039
585,0538,MV SPAN ASIA 75,L,2025-05-05 14:23:34.999000,9039
586,0539,MV SSI INTERCEPTOR,F,2025-05-06 15:12:51,9039
587,0540,MV LUCKY STAR 6,F,2025-05-08 09:42:52,2265
588,0541,MT GATEWAY,F,2025-05-08 10:21:20,9039
589,0542,MV SAILBOARD,F,2025-05-08 10:31:33,9039
590,0543,MV MAGESTIC MARINA,F,2025-05-09 09:42:25.999000,9039
591,0544,MV TAN BINH 234,F,2025-05-13 09:06:48.999000,9039
592,0545,LPG/C SIGAS INGRID,F,2025-05-13 09:07:54,9039
593,0546,MV SPAN ASIA 12,L,2025-05-13 09:11:15.999000,9039
594,0547,MV MERCURY,F,2025-05-15 14:52:49,9039
595,0548,MT STOLT COURAGE,F,2025-05-16 09:16:20.999000,9039
596,0549,MV CLIPPER CLYDE,F,2025-05-19 10:38:29,9039
597,0550,MT S SAHAMIT 3,F,2025-05-19 11:18:57,9039
598,0551,MV VINACOMIN HA LONG,F,2025-05-19 17:14:15,9039
599,0552,MT ZY GALAXY,F,2025-05-20 13:14:18.999000,9039
600,0553,MT THERESA GALAXY,F,2025-05-20 13:22:52.999000,9039
601,0554,MV G PHOENIX,F,2025-05-20 18:33:21,9039
602,0555,MV FUTURE GOLD,F,2025-05-23 14:41:13.999000,9039
603,0556,MT SEAWAYS OLIVE,F,2025-05-26 09:56:56,9039
604,0557,MV SPAN ASIA 72,L,2025-05-26 10:55:49,2265
605,0558,MV SPAN ASIA 71,L,2025-05-26 14:35:23.999000,9039
606,0559,MT ST. MICHAELIS,F,2025-05-27 15:45:41,9039
607,0560,MV ILLAWARA FORTUNE,F,2025-05-27 16:28:45.999000,9039
608,0561,MV YONG SHENG 98,F,2025-05-30 10:38:45,9039
609,0562,MT FALCON MAJESTIC,F,2025-06-02 10:52:22,9039
610,0563,MT ALPINE MARINA,F,2025-06-02 12:48:58.999000,9039
611,0564,MT MAERSK MISSISSIPPI,F,2025-06-02 12:49:49.999000,9039
612,0565,MV PORT BELMONTE,F,2025-06-03 15:16:57.999000,9039
613,0566,BAO LAI,F,2025-06-04 08:36:07,9039
614,0567,TAO TREASURE,F,2025-06-04 08:37:05,9039
615,0568,JAGUAR,F,2025-06-04 08:38:04,9039
616,0569,MT CHAMPION CORNELIA,F,2025-06-05 11:23:10.999000,9039
617,0570,MT TORM ALMENA,F,2025-06-07 10:57:16,9039
618,0571,MT CHANG HANG CHENG GONG,F,2025-06-07 11:07:32,9039
619,0572,MT GOLDEN DENISE,F,2025-06-09 13:50:47.999000,9039
620,0573,MV QUEEN YAN,F,2025-06-11 18:17:48,9039
621,0574,MT LEONORA VICTORY,F,2025-06-16 08:51:28,9039
622,0575,MT YONG SHENG 99,F,2025-06-16 10:49:07,9039
623,0576,OCEAN SMOOTH,F,2025-06-17 15:57:17.999000,9039
624,0577,MT MATIKAS,L,2025-06-18 15:16:10,9039
625,0578,LPG PLUMERA CORAL,F,2025-06-19 10:06:50,9039
626,0579,MV TRANSCENDEN WISDOM,F,2025-06-20 14:55:05.999000,9039
627,0580,BH HENGSHUI,F,2025-06-23 10:47:47,9039
628,0581,YING HUA,F,2025-06-24 12:29:49.999000,9039
629,0582,MT JAG PRIYA,F,2025-06-24 16:29:38.999000,9039
630,0583,MT ELANDRA FJORD,F,2025-06-24 16:30:36,9039
631,0584,MV SPAN ASIA 50,L,2025-06-24 17:09:26,9039
632,0585,WELL SAILING,F,2025-06-27 09:32:30,9039
633,0586,YIN HAO,F,2025-06-27 09:33:32.999000,9039
634,0587,SMOOTH SAILING,F,2025-06-27 09:34:14.999000,9039
635,0588,MV 2GO MASIKAP,L,2025-07-05 09:05:12.999000,9039
636,0589,MV TAN BINH 59,F,2025-07-05 09:06:32,9039
637,0590,MT HAFNIA COUGAR,F,2025-07-07 11:17:43.999000,9039
638,0591,MV DK APOLLO,F,2025-07-07 15:24:06.999000,9039
639,0592,MV BI JIA SHAN,F,2025-07-08 09:21:13,9039
640,0593,MT SEA DOLPHIN,F,2025-07-08 09:26:36.999000,9039
641,0594,MV SPAN ASIA 51,L,2025-07-09 16:43:22.999000,9039
642,0595,XIN ZHOU XING,F,2025-07-10 14:16:18,9039
643,0596,BAI DE 66,F,2025-07-14 11:09:58.999000,2610
644,0597,MT RM 1,F,2025-07-19 13:27:39,2610
645,0598,MT PYXIS THETA,F,2025-07-21 11:31:26.999000,2610
646,0599,MT CHANG HAI KAI TUO,F,2025-07-21 11:33:41.999000,2610
647,0600,MT ESTEEM ENERGY,F,2025-07-21 11:34:00,2610
648,0601,MT SES BRAVE,F,2025-07-21 11:34:14,2610
649,0602,MT ECO YOSEMITE PARK,F,2025-07-21 11:34:59,2610
650,0603,MV SWIFT YANGZHOU,F,2025-07-21 13:04:09.999000,2610
651,0604,MT YONG CHANG JI XIANG,F,2025-07-22 11:24:36,2610
652,0605,MT HUI HANG 11,F,2025-07-23 15:10:00.999000,2610
653,0606,ERA STAR,F,2025-07-25 10:16:46,2610
654,0607,MT CHANG HANG FENG CAI,F,2025-07-25 15:43:43,2610
655,0608,MT HAFNIA OSPREY,F,2025-07-26 09:49:29.999000,2610
656,0609,MT HIGH SD YIHE,F,2025-07-29 09:59:29.999000,2610
657,0610,SUNSHINE 01,F,2025-07-29 13:46:02,2610
658,0611,MT STI OPERA,F,2025-07-29 16:17:31.999000,2610
659,0612,MV ZHIDA 3,F,2025-07-31 13:41:58,2610
660,0613,MV HAI AU 28,F,2025-07-31 15:40:56.999000,2610
661,0614,MV KELLET ISLAND,F,2025-07-31 15:42:26.999000,2610
662,0615,MT MARIA ERIKA,L,2025-08-01 17:13:45.999000,2610
663,0616,MT NORD MIRAI,F,2025-08-05 16:54:08.999000,2610
664,0617,MT SEAWAYS CASTLE HILL,F,2025-08-05 16:59:55.999000,2610
665,0618,MV ROYAL 27,F,2025-08-06 16:54:43,2610
666,0619,MT CL ZHAOGE,F,2025-08-11 09:41:44,2610
667,0620,MV HPC HARMONY,F,2025-08-13 16:07:20,2610
668,0621,MV SPAN ASIA 36,L,2025-08-13 17:17:04,2610
669,0622,MV SPAN ASIA 37,L,2025-08-16 09:59:00.999000,2610
670,0623,MV JAL KALP,F,2025-08-16 12:04:34.999000,2610
671,0624,MV HUA HENG 166,F,2025-08-19 12:58:07.999000,2610
672,0625,MV SPAN ASIA 57,L,2025-08-20 08:44:49.999000,2610
673,0626,YANGZE 10,F,2025-08-20 11:50:51,2610
674,0627,MT ALEAH LOUISE,L,2025-08-26 09:04:57.999000,2610
675,0628,MT CHASE OCEAN,F,2025-08-26 15:49:47,2610
676,0629,MT MINTAKA,F,2025-08-26 15:49:56.999000,2610
677,0630,MT MARITIME GUARDIAN,F,2025-08-26 15:50:10,2610
678,0631,MT GRAND ACE 12,F,2025-08-26 15:50:20.999000,2610
679,0632,MT ATLANTIC CROWN,F,2025-08-26 15:50:33,2610
680,0633,MT ECOMAR GARONNE,F,2025-08-26 15:50:43.999000,2610
681,0634,MV DL LAVENDER,F,2025-08-28 09:26:26,2610
682,0635,MV VINH QUANG GREEN,F,2025-08-30 10:02:21.999000,2610
683,0636,BAO AN,F,2025-08-30 16:24:40,2610
684,0637,MV TRANSCEDEN DIAMOND,F,2025-09-01 13:39:08.999000,2610
685,0638,MV VIET HAI SUN,F,2025-09-02 15:36:43,2610
686,0639,MT XT DOLPHIN,F,2025-09-03 11:03:49,2610
687,0640,MT ANDREA SC,L,2025-09-03 15:55:50,2610
688,0641,MV TRIDENT UNITY,F,2025-09-04 10:09:42,2610
689,0642,MV NOBLE ISLAND,F,2025-09-04 18:20:37,2610
690,0643,MV KEN REI,F,2025-09-10 11:09:48,2610
691,0644,MV SHUN PING,F,2025-09-15 11:28:18,2610
692,0645,MV NEW ENRICH,F,2025-09-19 08:35:13,2610
693,0646,MV BYD EXPLORER NO.1,F,2025-09-20 08:54:02,2610
694,0647,SUNSHINE STAR,F,2025-09-22 11:31:32,2610
695,0648,MV HOANG ANH 6,F,2025-09-24 09:56:56,2610
696,0649,MV HN FORTUNE,F,2025-09-24 10:29:33.999000,2610
697,0650,MV HONEY ISLAND,F,2025-09-25 09:33:07,2610
698,0651,MV DK SUNRISE,F,2025-09-25 09:34:05,2610
699,0652,MV DS PROSPER,F,2025-09-25 09:34:53.999000,2610
700,0653,MT XU YUE 168,F,2025-09-25 12:03:14.999000,2610
701,0654,MT SPAS TIGA,F,2025-09-27 11:19:32,2610
702,0655,MV SHEN HUA 811,F,2025-10-01 09:00:05,2610
703,0656,MT QUAN TAI,F,2025-10-01 09:07:30,2610
704,0657,MT AULAC CONIFER,F,2025-10-02 13:43:11,2610
705,0658,MT SILVER DUBAI,F,2025-10-06 16:18:45,2610
706,0659,MV YOU HAO 3,F,2025-10-06 17:22:54.999000,2610
707,0660,MT ADELAIDE,F,2025-10-08 08:45:23,2610
708,0661,MT HANSA SEALIFTER,F,2025-10-08 16:05:01.999000,2610
709,0662,MV YAN GANG 2,F,2025-10-09 12:58:49,2610
710,0663,MT CHELSEA CHARLIZE,L,2025-10-13 08:51:35.999000,2610
711,0664,GLOBAL CROWN,F,2025-10-16 08:49:41,2610
712,0665,YUAN PINGSEA,F,2025-10-16 08:50:01.999000,2610
713,0666,MT NAVIG8 GOAL,F,2025-10-18 12:04:36.999000,2610
714,0667,MT SHAN GANG FA XIAN,F,2025-10-20 14:02:43,2610
715,0668,MV HTP LUCKY,F,2025-10-21 16:37:29,2610
716,0669,MT JAMIE FAITH 1,L,2025-10-22 13:10:30.999000,2610
717,0670,MV VISION 1,F,2025-10-23 15:27:29.999000,2610
718,0671,MV JAG ANJALI,F,2025-10-28 08:25:38.999000,2610
719,0672,MT HEROLDS BAY,F,2025-10-28 10:03:48.999000,2610
720,0673,MT FOREVER CONFIDENCE,F,2025-10-31 10:17:08.999000,2610
721,0674,MV GUO SHUN 28,F,2025-10-31 10:27:31,2610
722,0675,MV PAIWAN ACE,F,2025-11-03 17:22:17,2610
723,0676,MV NEWPORT NEWS,F,2025-11-06 09:00:12,2610
724,0677,MV REYNA SMILE,L,2025-11-10 10:30:14,2610
725,0678,MT YOONA FAITH,L,2025-11-10 14:33:15,2610
726,0679,MV UNIVERSE RELIANCE,F,2025-11-12 08:52:39,2610
727,0680, MV ASIA PACIFIC,L,2025-11-14 16:40:25.999000,2265
728,0681,MT JAL KAVERI,F,2025-11-18 09:10:25.999000,2610
729,0682,MT GOLDEN RAY,F,2025-11-18 09:15:33,2610
730,0683,MT PHILIPPA PIRAYA,F,2025-11-18 14:46:39.999000,2610
731,0684,MV ATN LUCKY,F,2025-11-19 08:56:10.999000,2610
732,0685,MV OCEAN GOLD,F,2025-11-25 11:28:35,2610
733,0686,MV NING MAY,F,2025-11-25 11:29:50.999000,2610
734,0687,MT CSC FRIENDSHIP,F,2025-11-26 09:30:17.999000,2610
735,0688,MV NORDTIGRIS,F,2025-11-26 09:33:01.999000,2610
736,0689,MV VOSCO SUNLIGHT,F,2025-11-26 09:34:28,2610
737,0690,MT MP MR TANKER 1,F,2025-11-27 16:21:18,2610
738,0691,MV ULTRA CRIMSON,F,2025-11-28 09:20:30,2610
739,0692,MV TRANS-ASIA 17,L,2025-11-28 17:04:54.999000,2610
740,0693,MT EMMA GRACE,F,2025-11-29 15:07:39.999000,2610
741,0694,MT CORDOBA,F,2025-11-29 15:08:39,2610
742,0695,MV KRISTINITA,F,2025-12-01 18:40:32,2610
743,0696,MV JESSIE,F,2025-12-02 09:14:27,2610
744,0697,MV BRILLIANT TRADER,F,2025-12-02 14:47:23.999000,2610
745,0698,MV SHIN IZU,F,2025-12-04 16:19:04,2610
746,0699,MV PORT NARA,F,2025-12-10 10:09:45.999000,2610
747,0700,MV OCEANWIN GLORY,F,2025-12-15 09:40:37,2610
748,0701,MV THOMPSON,F,2025-12-16 08:58:38,2610
749,0702,MV GOOBY,F,2025-12-16 17:14:53.999000,2610
750,0703,MV VIET THUAN,F,2025-12-17 15:48:42,2610
751,0704,MV F SPIRIT,F,2025-12-19 16:01:48.999000,2610
752,0705,MV FEDERAL SW,F,2025-12-22 15:08:25.999000,2610
753,0706,BENLINE CABLE LAYING,L,2025-12-23 14:05:36,2610
754,0707,MT SIRI PIPAT,F,2025-12-24 09:12:36,2610
755,0708,MT STENA IMPULSE,F,2025-12-27 15:00:16.999000,2610
756,0709,MT PLATINUM JUBILEE,F,2025-12-27 15:01:29,2610
757,0710,MV SKY HEIGHT,F,2025-12-29 09:47:08.999000,2610
758,0711, MT PHUBAI PATTRA 5,F,2025-12-29 14:41:02,2610
759,0712,MT TORM SINGAPORE,F,2026-01-03 15:17:35.999000,2610
760,0713,MT RAINBOW STAR,F,2026-01-03 15:19:40.999000,2610
761,0714,MT HAFNIA PHOENIX,F,2026-01-03 15:20:53,2610
762,0715,MV PATIENCE LAKE,F,2026-01-05 11:33:40,2610
763,0716,MV POAVOSA WISDOM III,F,2026-01-08 14:38:28,2610
764,0717,NTC AGILA,L,2026-01-09 11:58:14,2610
765,0718,CLIO SPIRIT,F,2026-01-09 12:18:10,2610
766,0719,MV HE CHANG,F,2026-01-09 12:18:25,2610
767,0720,MV DIAMOND HARBOUR,F,2026-01-09 12:18:35.999000,2610
768,0721,MV YONG SHUN 8,F,2026-01-09 13:38:31,2610
769,0722,MV HOANG HUY 69,F,2026-01-09 14:11:17.999000,2610
770,0723,MV PEARL ORIENT,L,2026-01-12 17:06:11,2610
771,0724,MT JAL SITARA,F,2026-01-12 17:50:53.999000,2610
772,0725,MV GIA LONG,F,2026-01-16 16:06:52.999000,2610
773,0726,MT SHENG HANG FA XIAN,F,2026-01-16 16:07:53.999000,2610
774,0727,MV LOWLANDS FIDELITY,F,2026-01-20 13:21:30.999000,2610
775,0728,MV DON ALBINO SR,L,2026-01-21 13:51:10.999000,2610
776,0729,MV MERIDIAN OCHO,L,2026-01-21 13:52:22.999000,2610
777,0730,MV CEMTEX INNOVATION,F,2026-01-22 13:25:18,2610
778,0731,VTV SKY,F,2026-01-22 19:14:23,2610
779,0732,MV AEPOS,F,2026-01-23 14:32:18,2610
780,0733,BTC MOUNT SAMAT,L,2026-01-24 11:04:17.999000,2610
781,0734,MT MALAWIG,L,2026-01-24 16:00:50.999000,2610
782,0735,CORESKY OL,F,2026-01-26 09:13:16.999000,2610
783,0736,LPG SHION,F,2026-01-26 09:13:48,2610
784,0737,MT CES,L,2026-01-27 11:12:14,2610
785,0738,MV GRACE,F,2026-01-28 16:54:42,2610
786,0739,MT FOREVER BRILLIANCY,F,2026-01-30 09:29:17.999000,2610
787,0740,MT XIU CHI,F,2026-01-30 09:31:28,2610
788,0741,MT PRATINCOLE PACIFIC,F,2026-01-30 09:32:47.999000,2610
789,0742,MT SILVER ELLIE,F,2026-01-30 09:34:36,2610
790,0743,MV GATE GOLD,F,2026-02-06 18:18:02,2610
791,0744,MT PETROLIMEX 16,F,2026-02-07 10:20:24.999000,2610
792,0745,MT PACIFIC JET,F,2026-02-07 10:24:33.999000,2610
793,0746,MV TRUONG MINH DRAGON,F,2026-02-10 09:09:30,2610
794,0747,MT ALL ORIENT 1,L,2026-02-11 11:25:18.999000,2610
795,0748,MV WU GU FENG,F,2026-02-12 14:52:43.999000,2610
796,0749,JS SHIRANUI,F,2026-02-13 13:34:57.999000,2610
797,0750,JS YAMAGIRI,F,2026-02-13 13:35:08,2610
798,0751,MV VINASHIP GOLD,F,2026-02-16 08:57:51,2610
799,0752,MV HOANG TRIEU 68,F,2026-02-16 14:46:52,2610
800,0753,MV ROYAL 16,F,2026-02-16 14:49:24.999000,2610
801,0754,MV JIN HAI RUN,F,2026-02-19 10:07:28,2610
802,0755,MV ESPOIR SEVEN,F,2026-02-19 10:12:25,2610
803,0756,MT CSC AUSPICIOUS,F,2026-02-23 15:42:32.999000,2610
804,0757,MT MARLIN AMETRINE,F,2026-02-23 15:46:16.999000,2610
805,0758,MT CHEMROAD DITA,F,2026-02-23 15:51:40.999000,2610
806,0759,MT RUI FU SHENG,F,2026-02-24 09:49:42.999000,2610
807,0760,MT FOREVER SPLENDOR,F,2026-02-24 16:59:35.999000,2610
808,0761,MT HAFNIA LOTTE,F,2026-02-24 17:02:15,2610
809,0762,MV VIEN DONG 09,F,2026-02-24 17:19:43.999000,2610
810,0763,MV DARYA JIYA,F,2026-02-25 16:10:19,2610
811,0764,MV HI CREST,F,2026-02-26 11:56:15,2610
812,0765,LPG/C PURE GRACE,L,2026-03-02 08:39:14.999000,2610
813,0766,MV NEWSUN BLUE,F,2026-03-03 16:42:05,2610
814,0767,MV SHANGHAI SPIRIT,F,2026-03-04 08:18:50.999000,2610
815,0768,MV PEARL ASIA,L,2026-03-04 15:08:46.999000,2610
816,0769,MT QIAN CHI,F,2026-03-05 12:06:32,2610
817,0770,MV SEIN GALAXY,F,2026-03-10 09:01:42,2610
818,0771,MV ZHON YU 28,F,2026-03-10 09:02:00.999000,2610
819,0772,MT DING HENG 43,F,2026-03-10 09:23:09.999000,2610
820,0773,LPG/C SL BISUGO,L,2026-03-10 11:03:15,2610
821,0774,SL DIWATA,L,2026-03-10 11:11:54.999000,2610
822,0775,MV TRANS-ASIA 3,L,2026-03-10 13:48:54.999000,2610
823,0776,MV 2GO MALIGAYA,L,2026-03-10 15:18:37,2610
824,0777,MV BAI DE 66,F,2026-03-10 16:12:36.999000,2610
825,0778,MV CLIPPER SPEY,F,2026-03-11 08:38:32.999000,2610
826,0779,MT ECOMAR GIRONDE,F,2026-03-11 12:10:33.999000,2610
827,0780,LCT FUTURE 02,L,2026-03-13 12:23:21,2610
828,0781,MV AN TINH PU,F,2026-03-13 12:23:38.999000,2610
829,0782,MV SHI LONG LING,F,2026-03-13 12:27:57.999000,2610
830,0783,MV GREEN PACIFIC,F,2026-03-13 14:50:48,2610
831,0784,MV PACIFIC MERIT,F,2026-03-16 14:30:07.999000,2610
832,0785,MT JAN CARLO,L,2026-03-16 14:30:58.999000,2610
833,0786,MT PIS BALI,F,2026-03-17 11:36:30,2610
834,0787,MT EBC MARICEL V,L,2026-03-17 15:10:23,2610
835,0788,MV GREEN WAY,F,2026-03-17 18:09:26.999000,2610
836,0789,BUOY,L,2026-03-19 11:49:37.999000,2610
837,0790,MV CROWN GOLD,F,2026-03-23 09:28:26,2610
838,0791,MV SHUN AN,F,2026-03-23 09:29:40.999000,2610
839,0792,MV HS GLORY,F,2026-03-24 18:53:06,2610
840,0793,MV ECUADOR,L,2026-03-27 16:23:40,2610
841,0794,MT RM 9,F,2026-03-27 16:25:37,2610
842,0795,MV PALLADA,F,2026-03-31 13:24:51.999000,2610
843,0796,MV VS GLORY,F,2026-03-31 14:47:35,2610
844,0797,JOHN A. ANGELICOUSSIS,F,2026-03-31 16:00:47,2610
845,0798,MT TORM AMALIE,F,2026-04-06 10:21:42,2610
846,0799,MT JBU SAPPHIRE,F,2026-04-06 10:26:53,2610
847,0800,MT YSABEL 100,L,2026-04-07 14:28:20,2610
848,0801,MV BAO YUAN LING,F,2026-04-10 09:55:45,2610
849,0802,MT RIGEL,F,2026-04-10 09:58:52.999000,2610
850,0803,MT HOUYOSHI PARK,F,2026-04-10 10:02:03.999000,2610
851,0804,MT LUCIA SOLIS,F,2026-04-10 11:03:27,2610
852,0805,MT PVT NOVA,F,2026-04-10 13:33:28.999000,2610
853,0806,MT NORD VALOROUS,F,2026-04-13 10:50:28,2610
854,0807,MV ARDMORE CHIPPEWA,F,2026-04-13 11:47:25.999000,2610
855,0808,MV JIA AN,F,2026-04-14 16:41:57,2610
856,0809,MV SPAN ASIA 52,L,2026-04-17 17:11:33.999000,2610
857,0810,MT HUA CHI,F,2026-04-18 09:58:40,2610
858,0811,LPG/C HONG JIA,F,2026-04-20 11:59:51,2610
859,0812,MT JAL SIDDHI,F,2026-04-20 15:50:56,2610
860,0813,MT MTM NEW YORK,F,2026-04-21 16:30:24.999000,2610
861,0814,MT HIGH TRADER,F,2026-04-24 08:54:57.999000,2610
862,0815,MT COSTICA,L,2026-04-24 12:01:50,2610
863,0816,MT MASAGANA,F,2026-04-25 11:24:26.999000,2610
864,0817,MT MAGENTA RAY,F,2026-04-29 11:18:57,2610
865,0818,MV ROYAL 79,F,2026-05-02 11:45:01,2610
866,0819,MT NAVE HINA,F,2026-05-04 09:42:09,2610
867,0820,MV EXCELSIOR DIVA,F,2026-05-05 09:49:12.999000,2610
868,0821,MV KIRRY MANX,F,2026-05-06 15:38:59.999000,2610
869,0822,MV DART TRADER,F,2026-05-13 09:23:53.999000,2610
870,0823,MV XIANG XIN,F,2026-05-13 09:30:05.999000,2610
871,0824,MV  FORTITUDE,F,2026-05-13 14:09:41.999000,2610
