PORT,NAME,TERMINAL,NAME,port1,term,port term,vector,numrnk,prio,cntprio,rank,0,0,0,,geography,"46,180",,
1,BATANGAS,001-005,ATI,BATANGAS_[001],ATI_[001-005],BATANGAS_ATI_[001-005],4,#NAME?,#NAME?,127,#NAME?,BATANGAS_[001],BATANGAS_ATI_[001-005],,1,2,#NAME?,#NAME?,#NAME?
1,BATANGAS,001-008,FGEN LNG TERMINAL,BATANGAS_[001],FGEN LNG TERMINAL_[001-008],BATANGAS_FGEN LNG TERMINAL_[001-008],3,#NAME?,#NAME?,127,#NAME?,BATANGAS_[001],BATANGAS_FGEN LNG TERMINAL_[001-008],,1,2,#NAME?,#NAME?,#NAME?
1,BATANGAS,001-009,FIRST GAS POWER CORP,BATANGAS_[001],FIRST GAS POWER CORP_[001-009],BATANGAS_FIRST GAS POWER CORP_[001-009],2,#NAME?,#NAME?,127,#NAME?,BATANGAS_[001],BATANGAS_FIRST GAS POWER CORP_[001-009],,1,2,#NAME?,#NAME?,#NAME?
1,BATANGAS,001-006,FIRST GAS SAN LORENZO,BATANGAS_[001],FIRST GAS SAN LORENZO_[001-006],BATANGAS_FIRST GAS SAN LORENZO_[001-006],1,#NAME?,#NAME?,127,#NAME?,BATANGAS_[001],BATANGAS_FIRST GAS SAN LORENZO_[001-006],,1,2,#NAME?,#NAME?,#NAME?
1,BATANGAS,001-004,SRDC BATANGAS,BATANGAS_[001],SRDC BATANGAS_[001-004],BATANGAS_SRDC BATANGAS_[001-004],0,#NAME?,#NAME?,127,#NAME?,BATANGAS_[001],BATANGAS_SRDC BATANGAS_[001-004],,1,2,#NAME?,#NAME?,#NAME?
1,BATANGAS,001-002,CHEVRON BATANGAS,BATANGAS_[001],CHEVRON BATANGAS_[001-002],BATANGAS_CHEVRON BATANGAS_[001-002],-1,#NAME?,#NAME?,127,#NAME?,BATANGAS_[001],BATANGAS_CHEVRON BATANGAS_[001-002],,1,2,#NAME?,#NAME?,#NAME?
1,BATANGAS,001-010,DANGLAYAN ANCHORAGE,BATANGAS_[001],DANGLAYAN ANCHORAGE_[001-010],BATANGAS_DANGLAYAN ANCHORAGE_[001-010],-2,#NAME?,#NAME?,127,#NAME?,BATANGAS_[001],BATANGAS_DANGLAYAN ANCHORAGE_[001-010],,1,2,#NAME?,#NAME?,#NAME?
1,BATANGAS,001-001,BBTI,BATANGAS_[001],BBTI_[001-001],BATANGAS_BBTI_[001-001],-3,#NAME?,#NAME?,127,#NAME?,BATANGAS_[001],BATANGAS_BBTI_[001-001],,1,2,#NAME?,#NAME?,#NAME?
1,BATANGAS,001-014,COCOCHEM TERMINAL,BATANGAS_[001],COCOCHEM TERMINAL_[001-014],BATANGAS_COCOCHEM TERMINAL_[001-014],-4,#NAME?,#NAME?,127,#NAME?,BATANGAS_[001],BATANGAS_COCOCHEM TERMINAL_[001-014],,1,2,#NAME?,#NAME?,#NAME?
1,BATANGAS,001-003,PETRON MABINI,BATANGAS_[001],PETRON MABINI_[001-003],BATANGAS_PETRON MABINI_[001-003],-5,#NAME?,#NAME?,127,#NAME?,BATANGAS_[001],BATANGAS_PETRON MABINI_[001-003],,1,2,#NAME?,#NAME?,#NAME?
1,BATANGAS,001-007,SEAOIL MABINI,BATANGAS_[001],SEAOIL MABINI_[001-007],BATANGAS_SEAOIL MABINI_[001-007],-6,#NAME?,#NAME?,127,#NAME?,BATANGAS_[001],BATANGAS_SEAOIL MABINI_[001-007],,1,2,#NAME?,#NAME?,#NAME?
1,BATANGAS,001-013,SINISIAN LEMERY BATANGAS PORT,BATANGAS_[001],SINISIAN LEMERY BATANGAS PORT_[001-013],BATANGAS_SINISIAN LEMERY BATANGAS PORT_[001-013],-7,#NAME?,#NAME?,127,#NAME?,BATANGAS_[001],BATANGAS_SINISIAN LEMERY BATANGAS PORT_[001-013],,1,2,#NAME?,#NAME?,#NAME?
2,BOHOL,002-001,PRYCE GAS LILA,BOHOL_[002],PRYCE GAS LILA_[002-001],BOHOL_PRYCE GAS LILA_[002-001],0,#NAME?,#NAME?,127,#NAME?,BOHOL_[002],BOHOL_PRYCE GAS LILA_[002-001],,2,6,#NAME?,#NAME?,#NAME?
3,CEBU,003-006,AZORA SAN FERNANDO,CEBU_[003],AZORA SAN FERNANDO_[003-006],CEBU_AZORA SAN FERNANDO_[003-006],-4,#NAME?,#NAME?,127,#NAME?,CEBU_[003],CEBU_AZORA SAN FERNANDO_[003-006],,3,5,#NAME?,#NAME?,#NAME?
3,CEBU,003-003,SPEC PITALO,CEBU_[003],SPEC PITALO_[003-003],CEBU_SPEC PITALO_[003-003],-3,#NAME?,#NAME?,127,#NAME?,CEBU_[003],CEBU_SPEC PITALO_[003-003],,3,5,#NAME?,#NAME?,#NAME?
3,CEBU,003-005,PHOENIX NAGA,CEBU_[003],PHOENIX NAGA_[003-005],CEBU_PHOENIX NAGA_[003-005],-2,#NAME?,#NAME?,127,#NAME?,CEBU_[003],CEBU_PHOENIX NAGA_[003-005],,3,5,#NAME?,#NAME?,#NAME?
3,CEBU,003-007,LIBOR,CEBU_[003],LIBOR_[003-007],CEBU_LIBOR_[003-007],-1,#NAME?,#NAME?,127,#NAME?,CEBU_[003],CEBU_LIBOR_[003-007],,3,5,#NAME?,#NAME?,#NAME?
3,CEBU,003-004,SRDC LAPU LAPU,CEBU_[003],SRDC LAPU LAPU_[003-004],CEBU_SRDC LAPU LAPU_[003-004],0,#NAME?,#NAME?,127,#NAME?,CEBU_[003],CEBU_SRDC LAPU LAPU_[003-004],,3,5,#NAME?,#NAME?,#NAME?
3,CEBU,003-002,CHEVRON LAPU LAPU,CEBU_[003],CHEVRON LAPU LAPU_[003-002],CEBU_CHEVRON LAPU LAPU_[003-002],1,#NAME?,#NAME?,127,#NAME?,CEBU_[003],CEBU_CHEVRON LAPU LAPU_[003-002],,3,5,#NAME?,#NAME?,#NAME?
3,CEBU,003-001,ARCTURA,CEBU_[003],ARCTURA_[003-001],CEBU_ARCTURA_[003-001],2,#NAME?,#NAME?,127,#NAME?,CEBU_[003],CEBU_ARCTURA_[003-001],,3,5,#NAME?,#NAME?,#NAME?
4,CDO,004-004,SLHBTC TAGOLOAN TERMINAL,CDO_[004],SLHBTC TAGOLOAN TERMINAL_[004-004],CDO_SLHBTC TAGOLOAN TERMINAL_[004-004],1,#NAME?,#NAME?,127,#NAME?,CDO_[004],CDO_SLHBTC TAGOLOAN TERMINAL_[004-004],,4,7,#NAME?,#NAME?,#NAME?
4,CDO,004-003,PHOENIX TAGOLOAN,CDO_[004],PHOENIX TAGOLOAN_[004-003],CDO_PHOENIX TAGOLOAN_[004-003],1,#NAME?,#NAME?,127,#NAME?,CDO_[004],CDO_PHOENIX TAGOLOAN_[004-003],,4,7,#NAME?,#NAME?,#NAME?
4,CDO,004-001,PDOC,CDO_[004],PDOC_[004-001],CDO_PDOC_[004-001],0,#NAME?,#NAME?,127,#NAME?,CDO_[004],CDO_PDOC_[004-001],,4,7,#NAME?,#NAME?,#NAME?
4,CDO,004-002,MACABALAN,CDO_[004],MACABALAN_[004-002],CDO_MACABALAN_[004-002],-1,#NAME?,#NAME?,127,#NAME?,CDO_[004],CDO_MACABALAN_[004-002],,4,7,#NAME?,#NAME?,#NAME?
5,DAVAO,005-012,SEAOIL STA CRUZ,DAVAO_[005],SEAOIL STA CRUZ_[005-012],DAVAO_SEAOIL STA CRUZ_[005-012],-8,#NAME?,#NAME?,127,#NAME?,DAVAO_[005],DAVAO_SEAOIL STA CRUZ_[005-012],,5,11,#NAME?,#NAME?,#NAME?
5,DAVAO,005-020,SOUTHERN CONCRETE INDUSTRY INC.,DAVAO_[005],SOUTHERN CONCRETE INDUSTRY INC._[005-020],DAVAO_SOUTHERN CONCRETE INDUSTRY INC._[005-020],-8,#NAME?,#NAME?,127,#NAME?,DAVAO_[005],DAVAO_SOUTHERN CONCRETE INDUSTRY INC._[005-020],,5,11,#NAME?,#NAME?,#NAME?
5,DAVAO,005-017,THERMA SOUTH,DAVAO_[005],THERMA SOUTH_[005-017],DAVAO_THERMA SOUTH_[005-017],-7,#NAME?,#NAME?,127,#NAME?,DAVAO_[005],DAVAO_THERMA SOUTH_[005-017],,5,11,#NAME?,#NAME?,#NAME?
5,DAVAO,005-016,STA ANA ANCHORAGE,DAVAO_[005],STA ANA ANCHORAGE_[005-016],DAVAO_STA ANA ANCHORAGE_[005-016],-6,#NAME?,#NAME?,127,#NAME?,DAVAO_[005],DAVAO_STA ANA ANCHORAGE_[005-016],,5,11,#NAME?,#NAME?,#NAME?
5,DAVAO,005-014,SIDC BRIDGE,DAVAO_[005],SIDC BRIDGE_[005-014],DAVAO_SIDC BRIDGE_[005-014],-5,#NAME?,#NAME?,127,#NAME?,DAVAO_[005],DAVAO_SIDC BRIDGE_[005-014],,5,11,#NAME?,#NAME?,#NAME?
5,DAVAO,005-018,PHOENIX SASA,DAVAO_[005],PHOENIX SASA_[005-018],DAVAO_PHOENIX SASA_[005-018],-4,#NAME?,#NAME?,127,#NAME?,DAVAO_[005],DAVAO_PHOENIX SASA_[005-018],,5,11,#NAME?,#NAME?,#NAME?
5,DAVAO,005-010,PETRON SASA,DAVAO_[005],PETRON SASA_[005-010],DAVAO_PETRON SASA_[005-010],-3,#NAME?,#NAME?,127,#NAME?,DAVAO_[005],DAVAO_PETRON SASA_[005-010],,5,11,#NAME?,#NAME?,#NAME?
5,DAVAO,005-001,CHEVRON SASA,DAVAO_[005],CHEVRON SASA_[005-001],DAVAO_CHEVRON SASA_[005-001],-2,#NAME?,#NAME?,127,#NAME?,DAVAO_[005],DAVAO_CHEVRON SASA_[005-001],,5,11,#NAME?,#NAME?,#NAME?
5,DAVAO,005-015,SRDC SASA,DAVAO_[005],SRDC SASA_[005-015],DAVAO_SRDC SASA_[005-015],-1,#NAME?,#NAME?,127,#NAME?,DAVAO_[005],DAVAO_SRDC SASA_[005-015],,5,11,#NAME?,#NAME?,#NAME?
5,DAVAO,005-005,INSULAR OIL,DAVAO_[005],INSULAR OIL_[005-005],DAVAO_INSULAR OIL_[005-005],0,#NAME?,#NAME?,127,#NAME?,DAVAO_[005],DAVAO_INSULAR OIL_[005-005],,5,11,#NAME?,#NAME?,#NAME?
5,DAVAO,005-008,LEGASPI OIL,DAVAO_[005],LEGASPI OIL_[005-008],DAVAO_LEGASPI OIL_[005-008],1,#NAME?,#NAME?,127,#NAME?,DAVAO_[005],DAVAO_LEGASPI OIL_[005-008],,5,11,#NAME?,#NAME?,#NAME?
5,DAVAO,005-013,SHELL SASA,DAVAO_[005],SHELL SASA_[005-013],DAVAO_SHELL SASA_[005-013],2,#NAME?,#NAME?,127,#NAME?,DAVAO_[005],DAVAO_SHELL SASA_[005-013],,5,11,#NAME?,#NAME?,#NAME?
5,DAVAO,005-011,SASA PORT,DAVAO_[005],SASA PORT_[005-011],DAVAO_SASA PORT_[005-011],3,#NAME?,#NAME?,127,#NAME?,DAVAO_[005],DAVAO_SASA PORT_[005-011],,5,11,#NAME?,#NAME?,#NAME?
5,DAVAO,005-007,KUDOS,DAVAO_[005],KUDOS_[005-007],DAVAO_KUDOS_[005-007],4,#NAME?,#NAME?,127,#NAME?,DAVAO_[005],DAVAO_KUDOS_[005-007],,5,11,#NAME?,#NAME?,#NAME?
5,DAVAO,005-009,NEW DAVAO OIL MILL,DAVAO_[005],NEW DAVAO OIL MILL_[005-009],DAVAO_NEW DAVAO OIL MILL_[005-009],5,#NAME?,#NAME?,127,#NAME?,DAVAO_[005],DAVAO_NEW DAVAO OIL MILL_[005-009],,5,11,#NAME?,#NAME?,#NAME?
5,DAVAO,005-003,DBCOM,DAVAO_[005],DBCOM_[005-003],DAVAO_DBCOM_[005-003],6,#NAME?,#NAME?,127,#NAME?,DAVAO_[005],DAVAO_DBCOM_[005-003],,5,11,#NAME?,#NAME?,#NAME?
5,DAVAO,005-002,CRAFT HAVEN,DAVAO_[005],CRAFT HAVEN_[005-002],DAVAO_CRAFT HAVEN_[005-002],7,#NAME?,#NAME?,127,#NAME?,DAVAO_[005],DAVAO_CRAFT HAVEN_[005-002],,5,11,#NAME?,#NAME?,#NAME?
5,DAVAO,005-019,TEFASCO,DAVAO_[005],TEFASCO_[005-019],DAVAO_TEFASCO_[005-019],8,#NAME?,#NAME?,127,#NAME?,DAVAO_[005],DAVAO_TEFASCO_[005-019],,5,11,#NAME?,#NAME?,#NAME?
5,DAVAO,005-004,HOLCIM,DAVAO_[005],HOLCIM_[005-004],DAVAO_HOLCIM_[005-004],9,#NAME?,#NAME?,127,#NAME?,DAVAO_[005],DAVAO_HOLCIM_[005-004],,5,11,#NAME?,#NAME?,#NAME?
5,DAVAO,005-006,KTC,DAVAO_[005],KTC_[005-006],DAVAO_KTC_[005-006],10,#NAME?,#NAME?,127,#NAME?,DAVAO_[005],DAVAO_KTC_[005-006],,5,11,#NAME?,#NAME?,#NAME?
5,DAVAO,005-021,GOVERNOR GENOROSO,DAVAO_[005],GOVERNOR GENOROSO_[005-021],DAVAO_GOVERNOR GENOROSO_[005-021],11,#NAME?,#NAME?,127,#NAME?,DAVAO_[005],DAVAO_GOVERNOR GENOROSO_[005-021],,5,11,#NAME?,#NAME?,#NAME?
6,JIMENEZ,006-002,SRDC JIMENEZ,JIMENEZ_[006],SRDC JIMENEZ_[006-002],JIMENEZ_SRDC JIMENEZ_[006-002],1,#NAME?,#NAME?,127,#NAME?,JIMENEZ_[006],JIMENEZ_SRDC JIMENEZ_[006-002],,6,8,#NAME?,#NAME?,#NAME?
6,JIMENEZ,006-006,PALILAN OIL DEPOT CORPORATION,JIMENEZ_[006],PALILAN OIL DEPOT CORPORATION_[006-006],JIMENEZ_PALILAN OIL DEPOT CORPORATION_[006-006],0,#NAME?,#NAME?,127,#NAME?,JIMENEZ_[006],JIMENEZ_PALILAN OIL DEPOT CORPORATION_[006-006],,6,8,#NAME?,#NAME?,#NAME?
6,JIMENEZ,006-001,CHEVRON,JIMENEZ_[006],CHEVRON_[006-001],JIMENEZ_CHEVRON_[006-001],2,#NAME?,#NAME?,127,#NAME?,JIMENEZ_[006],JIMENEZ_CHEVRON_[006-001],,6,8,#NAME?,#NAME?,#NAME?
6,JIMENEZ,006-004,PETRON,JIMENEZ_[006],PETRON_[006-004],JIMENEZ_PETRON_[006-004],3,#NAME?,#NAME?,127,#NAME?,JIMENEZ_[006],JIMENEZ_PETRON_[006-004],,6,8,#NAME?,#NAME?,#NAME?
6,JIMENEZ,006-005,PPA JIMENEZ,JIMENEZ_[006],PPA JIMENEZ_[006-005],JIMENEZ_PPA JIMENEZ_[006-005],4,#NAME?,#NAME?,127,#NAME?,JIMENEZ_[006],JIMENEZ_PPA JIMENEZ_[006-005],,6,8,#NAME?,#NAME?,#NAME?
6,JIMENEZ,006-003,TMOMI,JIMENEZ_[006],TMOMI_[006-003],JIMENEZ_TMOMI_[006-003],5,#NAME?,#NAME?,127,#NAME?,JIMENEZ_[006],JIMENEZ_TMOMI_[006-003],,6,8,#NAME?,#NAME?,#NAME?
7,LEYTE,007-001,VISPET,LEYTE_[007],VISPET_[007-001],LEYTE_VISPET_[007-001],0,#NAME?,#NAME?,127,#NAME?,LEYTE_[007],LEYTE_VISPET_[007-001],,7,4,#NAME?,#NAME?,#NAME?
8,QUEZON,008-001,AZORA SARIAYA,QUEZON_[008],AZORA SARIAYA_[008-001],QUEZON_AZORA SARIAYA_[008-001],0,#NAME?,#NAME?,127,#NAME?,QUEZON_[008],QUEZON_AZORA SARIAYA_[008-001],,8,3,#NAME?,#NAME?,#NAME?
9,SUBIC,009-001,PPC TERMINAL,SUBIC_[009],PPC TERMINAL_[009-001],SUBIC_PPC TERMINAL_[009-001],1,#NAME?,#NAME?,127,#NAME?,SUBIC_[009],SUBIC_PPC TERMINAL_[009-001],,9,1,#NAME?,#NAME?,#NAME?
9,SUBIC,009-002,COASTAL,SUBIC_[009],COASTAL_[009-002],SUBIC_COASTAL_[009-002],0,#NAME?,#NAME?,127,#NAME?,SUBIC_[009],SUBIC_COASTAL_[009-002],,9,1,#NAME?,#NAME?,#NAME?
10,SURIGAO,010-001,CORALES DEPOT,SURIGAO_[010],CORALES DEPOT_[010-001],SURIGAO_CORALES DEPOT_[010-001],0,#NAME?,#NAME?,127,#NAME?,SURIGAO_[010],SURIGAO_CORALES DEPOT_[010-001],,10,9,#NAME?,#NAME?,#NAME?
11,GENSAN,011-001,PHOENIX GENSAN,GENSAN_[011],PHOENIX GENSAN_[011-001],GENSAN_PHOENIX GENSAN_[011-001],1,#NAME?,#NAME?,127,#NAME?,GENSAN_[011],GENSAN_PHOENIX GENSAN_[011-001],,11,10,#NAME?,#NAME?,#NAME?
11,GENSAN,011-002,GENSAN SHIPYARD,GENSAN_[011],GENSAN SHIPYARD_[011-002],GENSAN_GENSAN SHIPYARD_[011-002],0,#NAME?,#NAME?,127,#NAME?,GENSAN_[011],GENSAN_GENSAN SHIPYARD_[011-002],,11,10,#NAME?,#NAME?,#NAME?
1,BATANGAS,001-015,BATANGAS SHIPYARD CORP.,BATANGAS_[001],BATANGAS SHIPYARD CORP._[001-015],BATANGAS_BATANGAS SHIPYARD CORP._[001-015],0,#NAME?,#NAME?,127,#NAME?,BATANGAS_[001],BATANGAS_BATANGAS SHIPYARD CORP._[001-015],,1,10,#NAME?,#NAME?,#NAME?
5,DAVAO,005-022,DMPTI,DAVAO_[005],DMPTI_[005-022],DAVAO_DMPTI_[005-022],0,#NAME?,#NAME?,127,#NAME?,DAVAO_[005],DAVAO_DMPTI_[005-022],,5,10,#NAME?,#NAME?,#NAME?
1,BATANGAS,001-016,FLC CALACA,BATANGAS_[001],FLC CALACA_[001-016],BATANGAS_FLC CALACA_[001-016],0,#NAME?,#NAME?,127,#NAME?,BATANGAS_[001],BATANGAS_FLC CALACA_[001-016],,1,10,#NAME?,#NAME?,#NAME?
5,DAVAO,005-023,INTERCO,DAVAO_[005],INTERCO_[005-023],DAVAO_INTERCO_[005-023],0,#NAME?,#NAME?,127,#NAME?,DAVAO_[005],DAVAO_INTERCO_[005-023],,5,10,#NAME?,#NAME?,#NAME?
1,BATANGAS,001-017,BIPI,BATANGAS_[001],BIPI_[001-017],BATANGAS_BIPI_[001-017],0,#NAME?,#NAME?,127,#NAME?,BATANGAS_[001],BATANGAS_BIPI_[001-017],,1,10,#NAME?,#NAME?,#NAME?
