Vessel #,Vessel,,,,
0001,BRP GREGORIO VELASQUEZ,BRP GREGORIO VELASQUEZ_[0001],,,0001
0002,BRP RAMON ALCARAZ,BRP RAMON ALCARAZ_[0002],,,0002
0003,DERYOUNG SUNFLOWER,DERYOUNG SUNFLOWER_[0003],,,0003
0004,MT FATIME,MT FATIME_[0004],,,0004
0005,MT PLUMERIA CORAL,MT PLUMERIA CORAL_[0005],,,0005
0006,LPG ST HARMONY,LPG ST HARMONY_[0006],,,0006
0007,MARITIME COMMITY,MARITIME COMMITY_[0007],,,0007
0008,MT ALICE DL,MT ALICE DL_[0008],,,0008
0009,MT AVA,MT AVA_[0009],,,0009
0010,MT BULUSAN,MT BULUSAN_[0010],,,0010
0011,MT ORKIM FORTITUDE,MT ORKIM FORTITUDE_[0011],,,0011
0012,MT REDWOOD MARINER,MT REDWOOD MARINER_[0012],,,0012
0013,MT RIDGEBURY BIRCH,MT RIDGEBURY BIRCH_[0013],,,0013
0014,MT SAMAL ISLAND,MT SAMAL ISLAND_[0014],,,0014
0015,MV HAMMONIA BEROLINA,MV HAMMONIA BEROLINA_[0015],,,0015
0016,MV J PEACE,MV J PEACE_[0016],,,0016
0017,MV SAN RAFAEL DOS,MV SAN RAFAEL DOS_[0017],,,0017
0018,MV SHUN SHIANG,MV SHUN SHIANG_[0018],,,0018
0019,MV SHUN XIANG,MV SHUN XIANG_[0019],,,0019
0020,MV ZEBRA,MV ZEBRA_[0020],,,0020
0021,SL NARRA,SL NARRA_[0021],,,0021
0022,TLC 01,TLC 01_[0022],,,0022
0023,LPG DL ZINNIA,LPG DL ZINNIA_[0023],,,0023
0024,MV KOOKYANG EXPRESS,MV KOOKYANG EXPRESS_[0024],,,0024
0025,MV CH DORIS,MV CH DORIS_[0025],,,0025
0026,MV CH DORIS,MV CH DORIS_[0026],,,0026
0027,MV VENUS,MV VENUS_[0027],,,0027
0028,MT PELAGIC TARPON,MT PELAGIC TARPON_[0028],,,0028
0029,MT BULUSAN II,MT BULUSAN II_[0029],,,0029
0030,MT MARLIN AMETHYST,MT MARLIN AMETHYST_[0030],,,0030
0031,MT CASANDRA,MT CASANDRA_[0031],,,0031
0032,MV ISHIZUCHI STAR,MV ISHIZUCHI STAR_[0032],,,0032
0033,MTKR HELANE,MTKR HELANE_[0033],,,0033
0034,MV UNIVERSE WEALTHY,MV UNIVERSE WEALTHY_[0034],,,0034
0035,MT DOCOMO,MT DOCOMO_[0035],,,0035
0036,MTKR VL 23,MTKR VL 23_[0036],,,0036
0037,MTKR NIKOS M,MTKR NIKOS M_[0037],,,0037
0038,MV TUAN DUNG 36,MV TUAN DUNG 36_[0038],,,0038
0039,MV JOSCO NANJING,MV JOSCO NANJING_[0039],,,0039
0040,MV MALACCA STRAIT,MV MALACCA STRAIT_[0040],,,0040
0041,MT GOTLAND ALIYA,MT GOTLAND ALIYA_[0041],,,0041
0042,MT EASTERN IRIS,MT EASTERN IRIS_[0042],,,0042
0043,MV ANNIE SILMER,MV ANNIE SILMER_[0043],,,0043
0044,MV OUPULAI 18,MV OUPULAI 18_[0044],,,0044
0045,MT CHANG HANG LAN JING,MT CHANG HANG LAN JING_[0045],,,0045
0046,MV OCEAN BRIGHT,MV OCEAN BRIGHT_[0046],,,0046
0047,MT CRIMSON JADE,MT CRIMSON JADE_[0047],,,0047
0048,MV HAI HA 58,MV HAI HA 58_[0048],,,0048
0049,MV EAST BANGKOK,MV EAST BANGKOK_[0049],,,0049
0050,MV MERIDIAN CINCO,MV MERIDIAN CINCO_[0050],,,0050
0051,MV LORCON DUMAGUETE,MV LORCON DUMAGUETE_[0051],,,0051
0052,MV WAN HE,MV WAN HE_[0052],,,0052
0053,MT HANSA SEA LEADER,MT HANSA SEA LEADER_[0053],,,0053
0054,MT YONG FENG SHUN,MT YONG FENG SHUN_[0054],,,0054
0055,MT WAWASAN TOPAZ,MT WAWASAN TOPAZ_[0055],,,0055
0056,MV GLOBE 6,MV GLOBE 6_[0056],,,0056
0057,MV FLC LONGEVITY,MV FLC LONGEVITY_[0057],,,0057
0058,MT ALBERT DL,MT ALBERT DL_[0058],,,0058
0059,MV GOLDEN LOTUS,MV GOLDEN LOTUS_[0059],,,0059
0060,MTKR ST. NICOLAS,MTKR ST. NICOLAS_[0060],,,0060
0061,MTKR PLUMERIA CORAL,MTKR PLUMERIA CORAL_[0061],,,0061
0062,MV HAI BIN 16,MV HAI BIN 16_[0062],,,0062
0063,MT GOLDEN OCEAN 26,MT GOLDEN OCEAN 26_[0063],,,0063
0064,MV MERIDIAN DOS,MV MERIDIAN DOS_[0064],,,0064
0065,BARGE AO1,BARGE AO1_[0065],,,0065
0066,HOYA GRACE,HOYA GRACE_[0066],,,0066
0067,MV TTC HAI PHONG,MV TTC HAI PHONG_[0067],,,0067
0068,MV ER MADEN,MV ER MADEN_[0068],,,0068
0069,MV OCEAN GRACE,MV OCEAN GRACE_[0069],,,0069
0070,MV OCEAN CRYSTAL,MV OCEAN CRYSTAL_[0070],,,0070
0071,MV LONG TAN 239,MV LONG TAN 239_[0071],,,0071
0072,MV XING NING HAI,MV XING NING HAI_[0072],,,0072
0073,MTKR ATLANTIC BREEZE,MTKR ATLANTIC BREEZE_[0073],,,0073
0074,MV J. LUCK,MV J. LUCK_[0074],,,0074
0075,MT MTM HONGKONG,MT MTM HONGKONG_[0075],,,0075
0076,MTKR ATLANTICA BREEZE,MTKR ATLANTICA BREEZE_[0076],,,0076
0077,MT VELA,MT VELA_[0077],,,0077
0078,MT GRAND ACE 11,MT GRAND ACE 11_[0078],,,0078
0079,MT DORADO,MT DORADO_[0079],,,0079
0080,MTKR DORADO,MTKR DORADO_[0080],,,0080
0081,MV APOLLO FIRST,MV APOLLO FIRST_[0081],,,0081
0082,MTKR MARISEL,MTKR MARISEL_[0082],,,0082
0083,MV BELRAY,MV BELRAY_[0083],,,0083
0084,MTKR CEPOLIS,MTKR CEPOLIS_[0084],,,0084
0085,MV MY KONOS WAVE,MV MY KONOS WAVE_[0085],,,0085
0086,MV QUANG MINH 5,MV QUANG MINH 5_[0086],,,0086
0087,MT FS 2,MT FS 2_[0087],,,0087
0088,MV AS ELENIA,MV AS ELENIA_[0088],,,0088
0089,MT RHINE,MT RHINE_[0089],,,0089
0090,MT KARDIANI,MT KARDIANI_[0090],,,0090
0091,MV TRUONG LOC 16,MV TRUONG LOC 16_[0091],,,0091
0092,MT CHALLENGE PROSPECT,MT CHALLENGE PROSPECT_[0092],,,0092
0093,MTKR MTC APITONG,MTKR MTC APITONG_[0093],,,0093
0094,MV REMY ENTERPRISE,MV REMY ENTERPRISE_[0094],,,0094
0095,MV SATURN,MV SATURN_[0095],,,0095
0096,MV XIN AN YUAN,MV XIN AN YUAN_[0096],,,0096
0097,MT NORD VANGUARD,MT NORD VANGUARD_[0097],,,0097
0098,MV MP STAR,MV MP STAR_[0098],,,0098
0099,MV LI XIANG,MV LI XIANG_[0099],,,0099
0100,MV PEACE,MV PEACE_[0100],,,0100
0101,MT HIGH PROSPERITY,MT HIGH PROSPERITY_[0101],,,0101
0102,MT OKEE ULF,MT OKEE ULF_[0102],,,0102
0103,MV MAGIC THUNDER,MV MAGIC THUNDER_[0103],,,0103
0104,MV DIANTHUS,MV DIANTHUS_[0104],,,0104
0105,MT LITTLE MILL,MT LITTLE MILL_[0105],,,0105
0106,MT WECO MALOU,MT WECO MALOU_[0106],,,0106
0107,MT YM JUPITER,MT YM JUPITER_[0107],,,0107
0108,MT CHELSEA ENDURANCE,MT CHELSEA ENDURANCE_[0108],,,0108
0109,MT EMERALD EXPRESS,MT EMERALD EXPRESS_[0109],,,0109
0110,MV CALA PICCOLA,MV CALA PICCOLA_[0110],,,0110
0111,FEDERAL ILLINOIS,FEDERAL ILLINOIS_[0111],,,0111
0112,MT AKATSUKI MARU,MT AKATSUKI MARU_[0112],,,0112
0113,MV HG PERTH,MV HG PERTH_[0113],,,0113
0114,MT METIS,MT METIS_[0114],,,0114
0115,MT PANGLAO ISLAND,MT PANGLAO ISLAND_[0115],,,0115
0116,MT MARINGAL,MT MARINGAL_[0116],,,0116
0117,MV GREEN BRAZIL,MV GREEN BRAZIL_[0117],,,0117
0118,MT JAG PRAKASH,MT JAG PRAKASH_[0118],,,0118
0119,MT WINNER,MT WINNER_[0119],,,0119
0120,MV SANTA BARBARA,MV SANTA BARBARA_[0120],,,0120
0121,MT GB VENTURE,MT GB VENTURE_[0121],,,0121
0122,MT VAST OCEAN 5,MT VAST OCEAN 5_[0122],,,0122
0123,MV JACOB H,MV JACOB H_[0123],,,0123
0124,MV VAST OCEAN 5,MV VAST OCEAN 5_[0124],,,0124
0125,MT DEE 4 LARCH,MT DEE 4 LARCH_[0125],,,0125
0126,MV TRANSFORMER OL,MV TRANSFORMER OL_[0126],,,0126
0127,VIMC FREEDOM,VIMC FREEDOM_[0127],,,0127
0128,MV SPETSES SPIRIT,MV SPETSES SPIRIT_[0128],,,0128
0129,BW PANTHER,BW PANTHER_[0129],,,0129
0130,MV MARIWIT,MV MARIWIT_[0130],,,0130
0131,MT DING HENG 36,MT DING HENG 36_[0131],,,0131
0132,MV SKY HIGH SW,MV SKY HIGH SW_[0132],,,0132
0133,MV PATRIOT SW,MV PATRIOT SW_[0133],,,0133
0134,MT PEREGRINE PACIFIC,MT PEREGRINE PACIFIC_[0134],,,0134
0135,MV SWEET LYDIA,MV SWEET LYDIA_[0135],,,0135
0136,MV GLOBE EXPLORER,MV GLOBE EXPLORER_[0136],,,0136
0137,MT GLORIOUS SUNSHINE,MT GLORIOUS SUNSHINE_[0137],,,0137
0138,MT PINE EXPRESS,MT PINE EXPRESS_[0138],,,0138
0139,MV CALA PEVERO,MV CALA PEVERO_[0139],,,0139
0140,MT ULAYA,MT ULAYA_[0140],,,0140
0141,MV FORTUNE TIGER,MV FORTUNE TIGER_[0141],,,0141
0142,MV FIGEAC,MV FIGEAC_[0142],,,0142
0143,MV FEI PENG,MV FEI PENG_[0143],,,0143
0144,MT MENUETT,MT MENUETT_[0144],,,0144
0145,MV SAN ANTONIO,MV SAN ANTONIO_[0145],,,0145
0146,MTKR LAGAVULIN,MTKR LAGAVULIN_[0146],,,0146
0147,MV HAFNIA TURQUOISE,MV HAFNIA TURQUOISE_[0147],,,0147
0148,MT CAPELA,MT CAPELA_[0148],,,0148
0149,MT PIS POLARIS,MT PIS POLARIS_[0149],,,0149
0150,MT PALERMO,MT PALERMO_[0150],,,0150
0151,MT JEWEL FAITH,MT JEWEL FAITH_[0151],,,0151
0152,MTKR NTC LAWIN,MTKR NTC LAWIN_[0152],,,0152
0153,MV AENEAS,MV AENEAS_[0153],,,0153
0154,MV RASALAS,MV RASALAS_[0154],,,0154
0155,DOÑA CAROLINE JOY,DOÑA CAROLINE JOY_[0155],,,0155
0156,DON ALFREDO SR3,DON ALFREDO SR3_[0156],,,0156
0157,DON CEFERINO ALFREDO,DON CEFERINO ALFREDO_[0157],,,0157
0158,MV GOLD EAGLE,MV GOLD EAGLE_[0158],,,0158
0159,NTC FLAMINGO,NTC FLAMINGO_[0159],,,0159
0160,MTKR SK LINE 1,MTKR SK LINE 1_[0160],,,0160
0161,MTKR LADY LILIBETH,MTKR LADY LILIBETH_[0161],,,0161
0162,SH SARAH,SH SARAH_[0162],,,0162
0163,MT ARDMORE ENDURANCE,MT ARDMORE ENDURANCE_[0163],,,0163
0164,MV GREEN ITALIA,MV GREEN ITALIA_[0164],,,0164
0165,MV T&T GOLD,MV T&T GOLD_[0165],,,0165
0166,MT CENTENNIAL MATSUYAMA,MT CENTENNIAL MATSUYAMA_[0166],,,0166
0167,MV IRIS PAOAY,MV IRIS PAOAY_[0167],,,0167
0168,MV SWAN RIVER,MV SWAN RIVER_[0168],,,0168
0169,MV PORT ALBERNI,MV PORT ALBERNI_[0169],,,0169
0170,MT RICH RAINBOW,MT RICH RAINBOW_[0170],,,0170
0171,MT RICH RAINBOW,MT RICH RAINBOW_[0171],,,0171
0172,MT HARRISBURG,MT HARRISBURG_[0172],,,0172
0173,MV IMOGEN,MV IMOGEN_[0173],,,0173
0174,JIN HAI PING,JIN HAI PING_[0174],,,0174
0175,MT MATIPUNO,MT MATIPUNO_[0175],,,0175
0176,MV SPAN ASIA 25,MV SPAN ASIA 25_[0176],,,0176
0177,PACIFIC INTEGRITY,PACIFIC INTEGRITY_[0177],,,0177
0178,MV THERESA HEBEI,MV THERESA HEBEI_[0178],,,0178
0179,MT CLEAR OCEAN GINGKO,MT CLEAR OCEAN GINGKO_[0179],,,0179
0180,OCEAN GRACE 01,OCEAN GRACE 01_[0180],,,0180
0181,MT STAR EAGLE,MT STAR EAGLE_[0181],,,0181
0182,DON CHARLES ROBERT,DON CHARLES ROBERT_[0182],,,0182
0183,MV LORCON ILOILO,MV LORCON ILOILO_[0183],,,0183
0184,MT DALMACIJA,MT DALMACIJA_[0184],,,0184
0185,MV DARYA RAMA,MV DARYA RAMA_[0185],,,0185
0186,MT ALINYA,MT ALINYA_[0186],,,0186
0187,MARITIME VERITY,MARITIME VERITY_[0187],,,0187
0188,MV SPAN ASIA 32,MV SPAN ASIA 32_[0188],,,0188
0189,MT ARRAN,MT ARRAN_[0189],,,0189
0190,MV TAYSON 2,MV TAYSON 2_[0190],,,0190
0191,MT ANIMO,MT ANIMO_[0191],,,0191
0192,MV HOSEI HIMALAYA,MV HOSEI HIMALAYA_[0192],,,0192
0193,MT SEAWAYS ROSE,MT SEAWAYS ROSE_[0193],,,0193
0194,MT WEI CHI,MT WEI CHI_[0194],,,0194
0195,MV XING RON HE,MV XING RON HE_[0195],,,0195
0196,MV JENNY LUCKY,MV JENNY LUCKY_[0196],,,0196
0197,MV OCEAN HARMONY,MV OCEAN HARMONY_[0197],,,0197
0198,MT MAGNOLIA EXPRESS,MT MAGNOLIA EXPRESS_[0198],,,0198
0199,MT AKANE,MT AKANE_[0199],,,0199
0200,ULTRA REGINA,ULTRA REGINA_[0200],,,0200
0201,DUC DAT 666,DUC DAT 666_[0201],,,0201
0202,MT VOLTA,MT VOLTA_[0202],,,0202
0203,MT CHALLENGE PRELUDE,MT CHALLENGE PRELUDE_[0203],,,0203
0204,MV SPAN ASIA 11,MV SPAN ASIA 11_[0204],,,0204
0205,MV JIA FOISON,MV JIA FOISON_[0205],,,0205
0206,MV LUCKY EILEEN,MV LUCKY EILEEN_[0206],,,0206
0207,MT NAVIGATE GUIDE,MT NAVIGATE GUIDE_[0207],,,0207
0208,MT CONSTANCE,MT CONSTANCE_[0208],,,0208
0209,MT QUIAN CHI,MT QUIAN CHI_[0209],,,0209
0210,DOÑA DANESSA ISOBEL,DOÑA DANESSA ISOBEL_[0210],,,0210
0211,MV THANH BA,MV THANH BA_[0211],,,0211
0212,MV XIN XIANG HE,MV XIN XIANG HE_[0212],,,0212
0213,CL EMILY BRONTE,CL EMILY BRONTE_[0213],,,0213
0214,SPAN ASIA 27,SPAN ASIA 27_[0214],,,0214
0215,MV J BELA,MV J BELA_[0215],,,0215
0216,MV VW SAFETY,MV VW SAFETY_[0216],,,0216
0217,MT HAFNIA HENRIETTE,MT HAFNIA HENRIETTE_[0217],,,0217
0218,MV PAN CLOVER,MV PAN CLOVER_[0218],,,0218
0219,MT NEPTUNE STAR,MT NEPTUNE STAR_[0219],,,0219
0220,MT NORD MINAMI,MT NORD MINAMI_[0220],,,0220
0221,MT SOUTHERN TURKEY,MT SOUTHERN TURKEY_[0221],,,0221
0222,MTKR NORD VISION,MTKR NORD VISION_[0222],,,0222
0223,MT UNIQUE GUARDIAN,MT UNIQUE GUARDIAN_[0223],,,0223
0224,MTM DUBLIN,MTM DUBLIN_[0224],,,0224
0225,MV CMA CGM PUGET,MV CMA CGM PUGET_[0225],,,0225
0226,MV UNI WISDOM,MV UNI WISDOM_[0226],,,0226
0227,MV LUCKY WISDOM,MV LUCKY WISDOM_[0227],,,0227
0228,NTC FALCON,NTC FALCON_[0228],,,0228
0229,GENERAL NATIVIDAD,GENERAL NATIVIDAD_[0229],,,0229
0230,BW TIGER,BW TIGER_[0230],,,0230
0231,MV OCEAN PEACE 8,MV OCEAN PEACE 8_[0231],,,0231
0232,MV PEACE GARDEN,MV PEACE GARDEN_[0232],,,0232
0233,MV KUWANA,MV KUWANA_[0233],,,0233
0234,NTC HARIBON,NTC HARIBON_[0234],,,0234
0235,LPG VIS,LPG VIS_[0235],,,0235
0236,TM AMAZON,TM AMAZON_[0236],,,0236
0237,MT MAGLINGAP,MT MAGLINGAP_[0237],,,0237
0238,MV BROAD GLORY,MV BROAD GLORY_[0238],,,0238
0239,MT SOUTHERN BELUGA,MT SOUTHERN BELUGA_[0239],,,0239
0240,MT CORAL EXPRESS,MT CORAL EXPRESS_[0240],,,0240
0241,MV LILA TOCHIGI,MV LILA TOCHIGI_[0241],,,0241
0242,BLUE AKIHABARA,BLUE AKIHABARA_[0242],,,0242
0243,MV FU ZHI,MV FU ZHI_[0243],,,0243
0244,MV LORCON BACOLOD,MV LORCON BACOLOD_[0244],,,0244
0245,MV FUTURE OCEAN,MV FUTURE OCEAN_[0245],,,0245
0246,MV PETALON,MV PETALON_[0246],,,0246
0247,MV LORCON MANILA,MV LORCON MANILA_[0247],,,0247
0248,MV HOANG DUONG STAR,MV HOANG DUONG STAR_[0248],,,0248
0249,LCT 808,LCT 808_[0249],,,0249
0250,BW EGRET,BW EGRET_[0250],,,0250
0251,MT HELLAS APHRODITE,MT HELLAS APHRODITE_[0251],,,0251
0252,MV AN BINH 18,MV AN BINH 18_[0252],,,0252
0253,DOÑA DARIANA BRIELLE,DOÑA DARIANA BRIELLE_[0253],,,0253
0254,MT THERESA EMPAT,MT THERESA EMPAT_[0254],,,0254
0255,MV JIA DA,MV JIA DA_[0255],,,0255
0256,MT ISLAND EXPRESS,MT ISLAND EXPRESS_[0256],,,0256
0257,MV YANGZE 7,MV YANGZE 7_[0257],,,0257
0258,MV THAI BINH 38,MV THAI BINH 38_[0258],,,0258
0259,MT FAIRCHEM GRUTTO,MT FAIRCHEM GRUTTO_[0259],,,0259
0260,MV JIN WAN,MV JIN WAN_[0260],,,0260
0261,MT FALCON ROYAL,MT FALCON ROYAL_[0261],,,0261
0262,MT HAI HONG,MT HAI HONG_[0262],,,0262
0263,MT CHAMPION ENDURANCE,MT CHAMPION ENDURANCE_[0263],,,0263
0264,MT ESPADA,MT ESPADA_[0264],,,0264
0265,MT MALINGAP,MT MALINGAP_[0265],,,0265
0266,MV HTK DISCOVERY,MV HTK DISCOVERY_[0266],,,0266
0267,MV J PHIA,MV J PHIA_[0267],,,0267
0268,MV HIROMI,MV HIROMI_[0268],,,0268
0269,MV TAN AN BONANZA,MV TAN AN BONANZA_[0269],,,0269
0270,MT ALPINE EAGLE,MT ALPINE EAGLE_[0270],,,0270
0271,MT PVT NEPTUNE,MT PVT NEPTUNE_[0271],,,0271
0272,MV MINH CONG 68,MV MINH CONG 68_[0272],,,0272
0273,MT CHANG HANG XING YUN,MT CHANG HANG XING YUN_[0273],,,0273
0274,MV HUI SHUN NO. 1,MV HUI SHUN NO. 1_[0274],,,0274
0275,MT MARICEL,MT MARICEL_[0275],,,0275
0276,MT GULF BAYNUNAH,MT GULF BAYNUNAH_[0276],,,0276
0277,MV DONG XIANG,MV DONG XIANG_[0277],,,0277
0278,MT HAFNIA LIONESS,MT HAFNIA LIONESS_[0278],,,0278
0279,MV LOWLANDS CRIMSON,MV LOWLANDS CRIMSON_[0279],,,0279
0280,STAR MERLIN,STAR MERLIN_[0280],,,0280
0281,MV ORIENTAL STAR,MV ORIENTAL STAR_[0281],,,0281
0282,MT MAGINOO,MT MAGINOO_[0282],,,0282
0283,MT MASINOP,MT MASINOP_[0283],,,0283
0284,MT MAALAB,MT MAALAB_[0284],,,0284
0285,ASTIR LADY,ASTIR LADY_[0285],,,0285
0286,MT HAI XIN YOU 619,MT HAI XIN YOU 619_[0286],,,0286
0287,AN THINH PHU 08,AN THINH PHU 08_[0287],,,0287
0288,MT DRACO,MT DRACO_[0288],,,0288
0289,MTKR DRACO,MTKR DRACO_[0289],,,0289
0290,MV FELICIA K,MV FELICIA K_[0290],,,0290
0291,INDONESIAN BULKER,INDONESIAN BULKER_[0291],,,0291
0292,SEAWAYS CITRON,SEAWAYS CITRON_[0292],,,0292
0293,SC PETREL,SC PETREL_[0293],,,0293
0294,MP PACIFIC,MP PACIFIC_[0294],,,0294
0295,ZHONG TE YUN 9,ZHONG TE YUN 9_[0295],,,0295
0296,MT ARDMORE SEAVALIANT,MT ARDMORE SEAVALIANT_[0296],,,0296
0297,MV MISTRAL,MV MISTRAL_[0297],,,0297
0298,MT STENA IMPERATOR,MT STENA IMPERATOR_[0298],,,0298
0299,MT WOOJIN KELLY,MT WOOJIN KELLY_[0299],,,0299
0300,NH SIRI,NH SIRI_[0300],,,0300
0301,MT ALPINE MYSTERY,MT ALPINE MYSTERY_[0301],,,0301
0302,MV GREEN CHILE,MV GREEN CHILE_[0302],,,0302
0303,NASICO EAGLE,NASICO EAGLE_[0303],,,0303
0304,MT NH SIRI,MT NH SIRI_[0304],,,0304
0305,MV TAN BINH 259,MV TAN BINH 259_[0305],,,0305
0306,MT PRINCESS AMBER,MT PRINCESS AMBER_[0306],,,0306
0307,MV CLIPPER FAIR,MV CLIPPER FAIR_[0307],,,0307
0308,ZHONG QUAN 07,ZHONG QUAN 07_[0308],,,0308
0309,MT CALLY,MT CALLY_[0309],,,0309
0310,MT HARRIS,MT HARRIS_[0310],,,0310
0311,MV HOA BINH 09,MV HOA BINH 09_[0311],,,0311
0312,LPG GAS CAUYAN,LPG GAS CAUYAN_[0312],,,0312
0313,MV EFESSOS WAVE,MV EFESSOS WAVE_[0313],,,0313
0314,MTKR VSM UNITY,MTKR VSM UNITY_[0314],,,0314
0315,BLUE BUTTERFLY,BLUE BUTTERFLY_[0315],,,0315
0316,MV MIN HUY 19,MV MIN HUY 19_[0316],,,0316
0317,MT PARTRIDGE PACIFIC,MT PARTRIDGE PACIFIC_[0317],,,0317
0318,MV AQUAMARINE,MV AQUAMARINE_[0318],,,0318
0319,MV VOYAGER NO.1,MV VOYAGER NO.1_[0319],,,0319
0320,MT TUNTIGA,MT TUNTIGA_[0320],,,0320
0321,MV PHC FORTUNE,MV PHC FORTUNE_[0321],,,0321
0322,MT HAFNIA TAURUS,MT HAFNIA TAURUS_[0322],,,0322
0323,MV XIN QI XING,MV XIN QI XING_[0323],,,0323
0324,MTKR THERESA LIMA,MTKR THERESA LIMA_[0324],,,0324
0325,MT TORM RAGNHILD,MT TORM RAGNHILD_[0325],,,0325
0326,MTC GUIJO,MTC GUIJO_[0326],,,0326
0327,MT ATLANTIC MARBLE,MT ATLANTIC MARBLE_[0327],,,0327
0328,MT TRF MANDAL,MT TRF MANDAL_[0328],,,0328
0329,MTKR PACIFIC ERA,MTKR PACIFIC ERA_[0329],,,0329
0330,NTC HERON,NTC HERON_[0330],,,0330
0331,MV GREEN SEA,MV GREEN SEA_[0331],,,0331
0332,MT TORM TORINO,MT TORM TORINO_[0332],,,0332
0333,SL MOLAVE,SL MOLAVE_[0333],,,0333
0334,MT ERNESTO UNO,MT ERNESTO UNO_[0334],,,0334
0335,MT ATROTOS,MT ATROTOS_[0335],,,0335
0336,MV DD VOGUE,MV DD VOGUE_[0336],,,0336
0337,MT HAFNIA ARAGONITE,MT HAFNIA ARAGONITE_[0337],,,0337
0338,TORM TORINO,TORM TORINO_[0338],,,0338
0339,YU QIANG,YU QIANG_[0339],,,0339
0340,BW BATANGAS,BW BATANGAS_[0340],,,0340
0341,MT TONG YOUNG,MT TONG YOUNG_[0341],,,0341
0342,DNEX PACIFIC LINK,DNEX PACIFIC LINK_[0342],,,0342
0343,MTKR TONG YOUNG,MTKR TONG YOUNG_[0343],,,0343
0344,GIRASOLE RIVER,GIRASOLE RIVER_[0344],,,0344
0345,THANG LONG GAS,THANG LONG GAS_[0345],,,0345
0346,ARSOS M,ARSOS M_[0346],,,0346
0347,MT AMYLA,MT AMYLA_[0347],,,0347
0348,MV KEN HOU,MV KEN HOU_[0348],,,0348
0349,MV DONG AN,MV DONG AN_[0349],,,0349
0350,MT ENERGY APOLLO,MT ENERGY APOLLO_[0350],,,0350
0351,MT HE CHI,MT HE CHI_[0351],,,0351
0352,CSC PEACE,CSC PEACE_[0352],,,0352
0353,MV HTK PHOENIX,MV HTK PHOENIX_[0353],,,0353
0354,HC PIONEER,HC PIONEER_[0354],,,0354
0355,MV OCEAN GRACIOUS,MV OCEAN GRACIOUS_[0355],,,0355
0356,MT LA DIGUE,MT LA DIGUE_[0356],,,0356
0357,MV VINH QUANG STAR,MV VINH QUANG STAR_[0357],,,0357
0358,MV HAI JIN,MV HAI JIN_[0358],,,0358
0359,MV FEDERAL IMPACT,MV FEDERAL IMPACT_[0359],,,0359
0360,MT QUI CHI,MT QUI CHI_[0360],,,0360
0361,MV IKI,MV IKI_[0361],,,0361
0362,MT ENERGY ACHILLES,MT ENERGY ACHILLES_[0362],,,0362
0363,MT FJELLANGER,MT FJELLANGER_[0363],,,0363
0364,MT NORD JOY,MT NORD JOY_[0364],,,0364
0365,SILVER LEO,SILVER LEO_[0365],,,0365
0366,SEA PROMISE,SEA PROMISE_[0366],,,0366
0367,MV DIAVOLEZZA,MV DIAVOLEZZA_[0367],,,0367
0368,HAFNIA AMETRINE,HAFNIA AMETRINE_[0368],,,0368
0369,MT PUFFIN PACIFIC,MT PUFFIN PACIFIC_[0369],,,0369
0370,TRUONG AN 05,TRUONG AN 05_[0370],,,0370
0371,VINH QUANG STAR,VINH QUANG STAR_[0371],,,0371
0372,MV YANGZE 32,MV YANGZE 32_[0372],,,0372
0373,MV DK ILIOS,MV DK ILIOS_[0373],,,0373
0374,MV TAN AN ADVANCE,MV TAN AN ADVANCE_[0374],,,0374
0375,MV VIEN DONG 3,MV VIEN DONG 3_[0375],,,0375
0376,MTKR ATLANTIC T,MTKR ATLANTIC T_[0376],,,0376
0377,SHUN XIN HE XIE,SHUN XIN HE XIE_[0377],,,0377
0378,LORCON GENERAL SANTOS,LORCON GENERAL SANTOS_[0378],,,0378
0379,MT LPG/C VIS,MT LPG/C VIS_[0379],,,0379
0380,MV KEN RYU,MV KEN RYU_[0380],,,0380
0381,MV HUNAN,MV HUNAN_[0381],,,0381
0382,MT FPMC 25,MT FPMC 25_[0382],,,0382
0383,MT SK LINE 1,MT SK LINE 1_[0383],,,0383
0384,MT JAG PUSHPA,MT JAG PUSHPA_[0384],,,0384
0385,NEW VESSEL,NEW VESSEL_[0385],,,0385
0386,MV ZHONG WANG KE DA,MV ZHONG WANG KE DA_[0386],,,0386
0387,ARIES SAKURA,ARIES SAKURA_[0387],,,0387
0388,LPG/C HONG TAI,LPG/C HONG TAI_[0388],,,0388
0389,MT CARONI PLAIN,MT CARONI PLAIN_[0389],,,0389
0390,MT EASTERLY BIRDIE,MT EASTERLY BIRDIE_[0390],,,0390
0391,MT PRINCESS SANGO,MT PRINCESS SANGO_[0391],,,0391
0392,OCEAN 86,OCEAN 86_[0392],,,0392
0393,OCEAN STAR,OCEAN STAR_[0393],,,0393
0394,SL TINDALO,SL TINDALO_[0394],,,0394
0398,MT ANGEL STAR,MT ANGEL STAR_[0398],,,0398
0401,ARIES SAKURA,ARIES SAKURA_[0401],,,0401
0402,MT GRAND ACE 6,MT GRAND ACE 6_[0402],,,0402
0403,MT LUCKY MAY,MT LUCKY MAY_[0403],,,0403
0404,MT PYXIS KARTERIA,MT PYXIS KARTERIA_[0404],,,0404
0405,MV SEA HAWK,MV SEA HAWK_[0405],,,0405
0406,MV SEIYO SPRING,MV SEIYO SPRING_[0406],,,0406
0407,MV THAI BINH 68,MV THAI BINH 68_[0407],,,0407
0408,MT THERESA TIGA,MT THERESA TIGA_[0408],,,0408
0409,MV DOLPHIN 18,MV DOLPHIN 18_[0409],,,0409
0410,MT MURE MURE,MT MURE MURE_[0410],,,0410
0411,MT TORM ASTRID,MT TORM ASTRID_[0411],,,0411
0412,MV PRINCE GOLD,MV PRINCE GOLD_[0412],,,0412
0413,MT MORNING SPARROW,MT MORNING SPARROW_[0413],,,0413
0414,MT GAS MARELLA,MT GAS MARELLA_[0414],,,0414
0415,MV GHARAPURI ISLAND,MV GHARAPURI ISLAND_[0415],,,0415
0416,MT ENDEAVOUR II,MT ENDEAVOUR II_[0416],,,0416
0417,MT NENGYUAN 12,MT NENGYUAN 12_[0417],,,0417
0418,MT PHILOXENIA,MT PHILOXENIA_[0418],,,0418
0419,MV JIN FU XING,MV JIN FU XING_[0419],,,0419
0420,MV STAR 16,MV STAR 16_[0420],,,0420
0421,MT STOLT ALM,MT STOLT ALM_[0421],,,
0422,MT SUPER HERO,MT SUPER HERO_[0422],,,
0423,MV HOA BINH 45,MV HOA BINH 45_[0423],,,
0424,MV SUNRISE 69,MV SUNRISE 69_[0424],,,
0425,MT MP MR TANKER 3,MT MP MR TANKER 3_[0425],,,
0426,MT JAG POOJA,MT JAG POOJA_[0426],,,
0427,MT NAVIG8 GAUNTLET,MT NAVIG8 GAUNTLET_[0427],,,
0428,MT GOLDEN CURL,MT GOLDEN CURL_[0428],,,
0429,MV THAI BINH 02,MV THAI BINH 02_[0429],,,
0430,MV LUGANO STAR,MV LUGANO STAR_[0430],,,
0431,MT CHAMPION PULA,MT CHAMPION PULA_[0431],,,
0432,MT STO LOBELIA,MT STO LOBELIA_[0432],,,
0433,MV LOWLANDS LUCK,MV LOWLANDS LUCK_[0433],,,
0434,MV DONG THINH,MV DONG THINH_[0434],,,
0435,MT MONT BLANC I,MT MONT BLANC I_[0435],,,
0436,MT SHENG HANG 003,MT SHENG HANG 003_[0436],,,
0437,MT DIAMOND EXPRESS,MT DIAMOND EXPRESS_[0437],,,
0438,SRDC LLT OIL SPILL DRILL,SRDC LLT OIL SPILL DRILL_[0438],,,
0439,MV HC GLORY,MV HC GLORY_[0439],,,
0440,MT JOY 120,MT JOY 120_[0440],,,
0441,MT AUGENSTERN,MT AUGENSTERN_[0441],,,
0442,MV CARL OLDENDORF,MV CARL OLDENDORF_[0442],,,
0443,MT MARAN GAS PSARA,MT MARAN GAS PSARA_[0443],,,
0444,MT THERESA DUA,MT THERESA DUA_[0444],,,
0445,MV GOLD RIVER,MV GOLD RIVER_[0445],,,
0446,MT STOLT LIND,MT STOLT LIND_[0446],,,
0447,MV FULVIA,MV FULVIA_[0447],,,
0448,MV FU XING LUN,MV FU XING LUN_[0448],,,
0449,MV AN CHANG,MV AN CHANG_[0449],,,
0450,MV BULK MUSTIQUE,MV BULK MUSTIQUE_[0450],,,
0451,MV RU CHENG SHAN,MV RU CHENG SHAN_[0451],,,
0452,MT FENG YI 3,MT FENG YI 3_[0452],,,
0453,MV CAMBERWELL,MV CAMBERWELL_[0453],,,
0454,MT PRINCESS TOPAZ,MT PRINCESS TOPAZ_[0454],,,
0455,MT STI GRAMERCY,MT STI GRAMERCY_[0455],,,
0456,MT SAMPOW PALM,MT SAMPOW PALM_[0456],,,
0457,LPG/C ESMERALDA,LPG/C ESMERALDA_[0457],,,
0458,MV TAN AN CONFIDENCE,MV TAN AN CONFIDENCE_[0458],,,
0459,MV TAN AN HONESTY,MV TAN AN HONESTY_[0459],,,
0460,MV ARIS LUCKY,MV ARIS LUCKY_[0460],,,
0461,MT FOREVER GLORY,MT FOREVER GLORY_[0461],,,
0462,MT MISSION,MT MISSION_[0462],,,
0463,MT GRAND WINNER,MT GRAND WINNER_[0463],,,
0464,MT GIRONA,MT GIRONA_[0464],,,
0465,MT MAUNLAD,MT MAUNLAD_[0465],,,
0466,MV ARIADNI,MV ARIADNI_[0466],,,
0467,MV STAR 55,MV STAR 55_[0467],,,
0468,MV AP QUEEN,MV AP QUEEN_[0468],,,
0469,MT SASA,MT SASA_[0469],,,
0470,MT DORIC COURAGE,MT DORIC COURAGE_[0470],,,
0471,MT ATALANTA T,MT ATALANTA T_[0471],,,
0472,MT HAFNIA LEOPARD,MT HAFNIA LEOPARD_[0472],,,
0473,MV DIMIJOHN A,MV DIMIJOHN A_[0473],,,
0474,MV WU ZHOU 8,MV WU ZHOU 8_[0474],,,
0475,MV TAN AN DYNAMIC,MV TAN AN DYNAMIC_[0475],,,
0476,MT AQUILA,MT AQUILA_[0476],,,
0477,MT LEO SUNRISE,MT LEO SUNRISE_[0477],,,
0478,MV NEW XA LA,MV NEW XA LA_[0478],,,
0479,MV AE VENUS,MV AE VENUS_[0479],,,
0480,MV SPRING SHINE,MV SPRING SHINE_[0480],,,
0481,MV BARROSA,MV BARROSA_[0481],,,
0482,MV AFRICAN FLAMINGO,MV AFRICAN FLAMINGO_[0482],,,
0483,MV GN RUBY,MV GN RUBY_[0483],,,
0484,MV MERIDIAN SIETE,MV MERIDIAN SIETE_[0484],,,
0485,MT MANTA,MT MANTA_[0485],,,
0486,MT KOURION,MT KOURION_[0486],,,
0487,MT QUINGUA,MT QUINGUA_[0487],,,
0488,MT FENG YI 6,MT FENG YI 6_[0488],,,
0489,MV QUANG MINH 29,MV QUANG MINH 29_[0489],,,
0490,MT ECO II,MT ECO II_[0490],,,
0491,MT YANEE,MT YANEE_[0491],,,
0492,MV HELI,MV HELI_[0492],,,
0493,MT STOLT DUGONG,MT STOLT DUGONG_[0493],,,
0494,MV SPAN 55,MV SPAN 55_[0494],,,
0495,MV SPAN 72,MV SPAN 72_[0495],,,
0496,MV MAGIC ECLIPSE,MV MAGIC ECLIPSE_[0496],,,
0497,MV TONG MAO 101,MV TONG MAO 101_[0497],,,
0498,MT ATLANTIC SUNSHINE,MT ATLANTIC SUNSHINE_[0498],,,
0499,MV SPAN 50,MV SPAN 50_[0499],,,
0500,MV SPAN ASIA 73,MV SPAN ASIA 73_[0500],,,
0501,MT MAYABONG,MT MAYABONG_[0501],,,
0502,MV YONG DING HE,MV YONG DING HE_[0502],,,
0503,MT MANTA GALATASARY,MT MANTA GALATASARY_[0503],,,
0504,MT MARITIME GRACIOUS,MT MARITIME GRACIOUS_[0504],,,
0505,MV BELINDA,MV BELINDA_[0505],,,
0506,MT HOUYOSHI EXPRESS II,MT HOUYOSHI EXPRESS II_[0506],,,
0507,MT YAQUT,MT YAQUT_[0507],,,
0508,MT CHANG HANG KAI TUO,MT CHANG HANG KAI TUO_[0508],,,
0509,MT HAEIN HOPE,MT HAEIN HOPE_[0509],,,
0510,MT PATRIOT,MT PATRIOT_[0510],,,
0511,MV OCEAN HIRYU,MV OCEAN HIRYU_[0511],,,
0512,MV OCEAN SEAGULL,MV OCEAN SEAGULL_[0512],,,
0513,MV LONG TAN 5,MV LONG TAN 5_[0513],,,
0514,LCT MONTREAL,LCT MONTREAL_[0514],,,
0515,MT WOOJIN ELVIS,MT WOOJIN ELVIS_[0515],,,
0516,MV SPAN 70,MV SPAN 70_[0516],,,
0517,MV PHC GLORY,MV PHC GLORY_[0517],,,
0518,MT CHAMPION EBONY,MT CHAMPION EBONY_[0518],,,
0519,MT SEAMERIDIAN,MT SEAMERIDIAN_[0519],,,
0520,MV JC TREASURE,MV JC TREASURE_[0520],,,
0521,MV MY HUNG,MV MY HUNG_[0521],,,
0522,MV CHANG HANG HAO HAI,MV CHANG HANG HAO HAI_[0522],,,
0523,MV EVER CHAMPION,MV EVER CHAMPION_[0523],,,
0524,MT RM 5,MT RM 5_[0524],,,
0525,MV SHENG JI HAI,MV SHENG JI HAI_[0525],,,
0526,MV CLIPPER MEDWAY,MV CLIPPER MEDWAY_[0526],,,
0527,MV RUI NING 21,MV RUI NING 21_[0527],,,
0528,MV LUCKY STAR,MV LUCKY STAR_[0528],,,
0529,MT FOREVER DELIGHT,MT FOREVER DELIGHT_[0529],,,
0530,MT YUAN YU HE,MT YUAN YU HE_[0530],,,
0531,MT NAVE VELOCITY,MT NAVE VELOCITY_[0531],,,
0532,MV SPAN ASIA 70,MV SPAN ASIA 70_[0532],,,
0533,MT DEGU,MT DEGU_[0533],,,
0534,MV DS PROSPERITY 7,MV DS PROSPERITY 7_[0534],,,
0535,MV HOA BINH 54,MV HOA BINH 54_[0535],,,
0536,MV SPAN ASIA 55,MV SPAN ASIA 55_[0536],,,
0537,MV 2GO MASINAG,MV 2GO MASINAG_[0537],,,
0538,MV SPAN ASIA 75,MV SPAN ASIA 75_[0538],,,
0539,MV SSI INTERCEPTOR,MV SSI INTERCEPTOR_[0539],,,
0540,MV LUCKY STAR 6,MV LUCKY STAR 6_[0540],,,
0541,MT GATEWAY,MT GATEWAY_[0541],,,
542,MV SAILBOARD,MV SAILBOARD_[0542],,,
543,MV MAGESTIC MARINA,MV MAGESTIC MARINA_[0543],,,
544,MV TAN BINH 234,MV TAN BINH 234_[0544],,,
545,LPG/C SIGAS INGRID,LPG/C SIGAS INGRID_[0545],,,
546,MV SPAN ASIA 12,MV SPAN ASIA 12_[0546],,,
547,MV MERCURY,MV MERCURY_[0547],,,
548,MT STOLT COURAGE,MT STOLT COURAGE_[0548],,,
549,MV CLIPPER CLYDE,MV CLIPPER CLYDE_[0549],,,
550,MT S SAHAMIT 3,MT S SAHAMIT 3_[0550],,,
551,MV VINACOMIN HA LONG,MV VINACOMIN HA LONG_[0551],,,
552,MT ZY GALAXY,MT ZY GALAXY_[0552],,,
553,MT THERESA GALAXY,MT THERESA GALAXY_[0553],,,
554,MV SEAWAYS PHOENIX,MV SEAWAYS PHOENIX_[0554],,,
555,MV FUTURE GOLD,MV FUTURE GOLD_[0555],,,
556,MT SEAWAYS OLIVE,MT SEAWAYS OLIVE_[0556],,,
557,MV SPAN ASIA 72,MV SPAN ASIA 72_[0557],,,
558,MV SPAN ASIA 71,MV SPAN ASIA 71_[0558],,,
559,MT ST. MICHAELIS,MT ST. MICHAELIS_[0559],,,
560,MV ILLAWARA FORTUNE,MV ILLAWARA FORTUNE_[0560],,,
561,MV YONG SHENG 98,MV YONG SHENG 98_[0561],,,
562,MT FALCON MAJESTIC,MT FALCON MAJESTIC_[0562],,,
563,MT ALPINE MARINA,MT ALPINE MARINA_[0563],,,
564,MT MAERSK MISSISSIPPI,MT MAERSK MISSISSIPPI_[0564],,,
565,MV PORT BELMONTE,MV PORT BELMONTE_[0565],,,
566,BAO LAI,BAO LAI_[0566],,,
567,TAO TREASURE,TAO TREASURE_[0567],,,
568,JAGUAR,JAGUAR_[0568],,,
569,MT CHAMPION CORNELIA,MT CHAMPION CORNELIA_[0569],,,
570,MT TORM ALMENA,MT TORM ALMENA_[0570],,,
571,MT CHANG HANG CHENG GONG,MT CHANG HANG CHENG GONG_[0571],,,
572,MT GOLDEN DENISE,MT GOLDEN DENISE_[0572],,,
573,MV QUEEN YAN,MV QUEEN YAN_[0573],,,
574,MT LEONORA VICTORY,MT LEONORA VICTORY_[0574],,,
575,MT YONG SHENG 99,MT YONG SHENG 99_[0575],,,
576,OCEAN SMOOTH,OCEAN SMOOTH_[0576],,,
577,MT MATIKAS,MT MATIKAS_[0577],,,
579,MV TRANSCENDEN WISDOM,MV TRANSCENDEN WISDOM_[0579],,,
580,BH HENGSHUI,BH HENGSHUI_[0580],,,
581,YING HUA,YING HUA_[0581],,,
582,MT JAG PRIYA,MT JAG PRIYA_[0582],,,
583,MT ELANDRA FJORD,MT ELANDRA FJORD_[0583],,,
584,MV SPAN ASIA 50,MV SPAN ASIA 50_[0584],,,
585,WELL SAILING,WELL SAILING_[0585],,,
586,YIN HAO,YIN HAO_[0586],,,
587,SMOOTH SAILING,SMOOTH SAILING_[0587],,,
588,MV 2GO MASIKAP,MV 2GO MASIKAP_[0588],,,
589,MV TAN BINH 59,MV TAN BINH 59_[0589],,,
591,MV DK APOLLO,MV DK APOLLO_[0591],,,
592,MV BI JIA SHAN,MV BI JIA SHAN_[0592],,,
593,MT SEA DOLPHIN,MT SEA DOLPHIN_[0593],,,
594,MV SPAN ASIA 51,MV SPAN ASIA 51_[0594],,,
595,XIN ZHOU XING,XIN ZHOU XING_[0595],,,
596,BAI DE 66,BAI DE 66_[0596],,,
597,MT RM 1,MT RM 1_[0597],,,
603,MV SWIFT YANGZHOU,MV SWIFT YANGZHOU_[0603],,,
604,MT YONG CHANG JI XIANG,MT YONG CHANG JI XIANG_[0604],,,
605,MT HUI HANG 11,MT HUI HANG 11_[0605],,,
606,ERA STAR,ERA STAR_[0606],,,
607,MT CHANG HANG FENG CAI,MT CHANG HANG FENG CAI_[0607],,,
608,MT HAFNIA OSPREY,MT HAFNIA OSPREY_[0608],,,
609,MT HIGH SD YIHE,MT HIGH SD YIHE_[0609],,,
610,SUNSHINE 01,SUNSHINE 01_[0610],,,
611,MT STI OPERA,MT STI OPERA_[0611],,,
612,MV ZHIDA 3,MV ZHIDA 3_[0612],,,
613,MV HAI AU 28,MV HAI AU 28_[0613],,,
614,MV KELLET ISLAND,MV KELLET ISLAND_[0614],,,
615,MT MARIA ERIKA,MT MARIA ERIKA_[0615],,,
616,MT NORD MIRAI,MT NORD MIRAI_[0616],,,
617,MT SEAWAYS CASTLE HILL,MT SEAWAYS CASTLE HILL_[0617],,,
618,MV ROYAL 27,MV ROYAL 27_[0618],,,
619,MT CL ZHAOGE,MT CL ZHAOGE_[0619],,,
620,MV HPC HARMONY,MV HPC HARMONY_[0620],,,
621,MV SPAN ASIA 36,MV SPAN ASIA 36_[0621],,,
622,MV SPAN ASIA 37,MV SPAN ASIA 37_[0622],,,
623,MV JAL KALP,MV JAL KALP_[0623],,,
624,MV HUA HENG 166,MV HUA HENG 166_[0624],,,
625,MV SPAN ASIA 57,MV SPAN ASIA 57_[0625],,,
626,YANGZE 10,YANGZE 10_[0626],,,
627,MT ALEAH LOUISE,MT ALEAH LOUISE_[0627],,,
628,MT CHASE OCEAN,MT CHASE OCEAN_[0628],,,
629,MT MINTAKA,MT MINTAKA_[0629],,,
630,MT MARITIME GUARDIAN,MT MARITIME GUARDIAN_[0630],,,
631,MT GRAND ACE 12,MT GRAND ACE 12_[0631],,,
632,MT ATLANTIC CROWN,MT ATLANTIC CROWN_[0632],,,
633,MT ECOMAR GARONNE,MT ECOMAR GARONNE_[0633],,,
634,MV DL LAVENDER,MV DL LAVENDER_[0634],,,
635,MV VINH QUANG GREEN,MV VINH QUANG GREEN_[0635],,,
636,BAO AN,BAO AN_[0636],,,
637,MV TRANSCENDEN DIAMOND,MV TRANSCENDEN DIAMOND_[0637],,,
638,MV VIET HAI SUN,MV VIET HAI SUN_[0638],,,
639,MT XT DOLPHIN,MT XT DOLPHIN_[0639],,,
640,MT ANDREA SC,MT ANDREA SC_[0640],,,
641,MV TRIDENT UNITY,MV TRIDENT UNITY_[0641],,,
642,MV NOBLE ISLAND,MV NOBLE ISLAND_[0642],,,
643,MV KEN REI,MV KEN REI_[0643],,,
644,MV SHUN PING,MV SHUN PING_[0644],,,
645,MV NEW ENRICH,MV NEW ENRICH_[0645],,,
646,MV BYD EXPLORER NO. 1,MV BYD EXPLORER NO. 1_[0646],,,
647,SUNSHINE STAR,SUNSHINE STAR_[0647],,,
648,MV HOANG ANH 6,MV HOANG ANH 6_[0648],,,
649,MV HN FORTUNE,MV HN FORTUNE_[0649],,,
650,MV HONEY ISLAND,MV HONEY ISLAND_[0650],,,
651,MV DK SUNRISE,MV DK SUNRISE_[0651],,,
652,MV DS PROSPER,MV DS PROSPER_[0652],,,
653,MT XU YUE 168,MT XU YUE 168_[0653],,,
654,MT SPAS TIGA,MT SPAS TIGA_[0654],,,
655,MV SHEN HUA 811,MV SHEN HUA 811_[0655],,,
656,MT QUAN TAI,MT QUAN TAI_[0656],,,
657,MT AULAC CONIFER,MT AULAC CONIFER_[0657],,,
658,MT SILVER DUBAI,MT SILVER DUBAI_[0658],,,
659,MV YOU HAO 3,MV YOU HAO 3_[0659],,,
660,MT ADELAIDE,MT ADELAIDE_[0660],,,
661,MT HANSA SEALIFTER,MT HANSA SEALIFTER_[0661],,,
662,MV YAN GANG 2,MV YAN GANG 2_[0662],,,
663,MT CHELSEA CHARLIZE,MT CHELSEA CHARLIZE_[0663],,,
664,GLOBAL CROWN,GLOBAL CROWN_[0664],,,
665,YUAN PINGSEA,YUAN PINGSEA_[0665],,,
666,MT NAVIG8 GOAL,MT NAVIG8 GOAL_[0666],,,
667,MT SHAN GANG FA XIAN,MT SHAN GANG FA XIAN_[0667],,,
668,MV HTP LUCKY,MV HTP LUCKY_[0668],,,
669,MT JAMIE FAITH 1,MT JAMIE FAITH 1_[0669],,,
670,MV VISION 1,MV VISION 1_[0670],,,
671,MV JAG ANJALI,MV JAG ANJALI_[0671],,,
672,MT HEROLDS BAY,MT HEROLDS BAY_[0672],,,
673,MT FOREVER CONFIDENCE,MT FOREVER CONFIDENCE_[0673],,,
674,MV GUO SHUN 28,MV GUO SHUN 28_[0674],,,
675,MV PAIWAN ACE,MV PAIWAN ACE_[0675],,,
676,MV NEWPORT NEWS,MV NEWPORT NEWS_[0676],,,
677,MV REYNA SMILE,MV REYNA SMILE_[0677],,,
678,MT YOONA FAITH,MT YOONA FAITH_[0678],,,
679,MV UNIVERSE RELIANCE,MV UNIVERSE RELIANCE_[0679],,,
680,MV ASIA PACIFIC,MV ASIA PACIFIC_[0680],,,
681,MT JAL KAVERI,MT JAL KAVERI_[0681],,,
682,MT GOLDEN RAY,MT GOLDEN RAY_[0682],,,
683,MT PHILIPPA PIRAYA,MT PHILIPPA PIRAYA_[0683],,,
684,MV ATN LUCKY,MV ATN LUCKY_[0684],,,
685,MV OCEAN GOLD,MV OCEAN GOLD_[0685],,,
686,MV NING MAY,MV NING MAY_[0686],,,
687,MT CSC FRIENDSHIP,MT CSC FRIENDSHIP_[0687],,,
688,MV NORDTIGRIS,MV NORDTIGRIS_[0688],,,
689,MV VOSCO SUNLIGHT,MV VOSCO SUNLIGHT_[0689],,,
690,MT MP MR TANKER 1,MT MP MR TANKER 1_[0690],,,
691,MV ULTRA CRIMSON,MV ULTRA CRIMSON_[0691],,,
692,MV TRANS-ASIA 17,MV TRANS-ASIA 17_[0692],,,
693,MT EMMA GRACE,MT EMMA GRACE_[0693],,,
694,MT CORDOBA,MT CORDOBA_[0694],,,
695,MV KRISTINITA,MV KRISTINITA_[0695],,,
696,MV JESSIE,MV JESSIE_[0696],,,
697,MV BRILLIANT TRADER,MV BRILLIANT TRADER_[0697],,,
698,MV SHIN IZU,MV SHIN IZU_[0698],,,
699,MV PORT NARA,MV PORT NARA_[0699],,,
700,MV OCEANWIN GLORY,MV OCEANWIN GLORY_[0700],,,
701,MV THOMPSON,MV THOMPSON_[0701],,,
702,MV GOOBY,MV GOOBY_[0702],,,
703,MV VIET THUAN,MV VIET THUAN_[0703],,,
704,MV F SPIRIT,MV F SPIRIT_[0704],,,
705,MV FEDERAL SW,MV FEDERAL SW_[0705],,,
707,MT SIRI PIPAT,MT SIRI PIPAT_[0707],,,
708,MT STENA IMPULSE,MT STENA IMPULSE_[0708],,,
709,MT PLATINUM JUBILEE,MT PLATINUM JUBILEE_[0709],,,
710,MV SKY HEIGHT,MV SKY HEIGHT_[0710],,,
711,MT PHUBAI PATTRA 5,MT PHUBAI PATTRA 5_[0711],,,
712,MT TORM SINGAPORE,MT TORM SINGAPORE_[0712],,,
713,MT RAINBOW STAR,MT RAINBOW STAR_[0713],,,
714,HAFNIA PHOENIX,HAFNIA PHOENIX_[0714],,,
715,MV PATIENCE LAKE,MV PATIENCE LAKE_[0715],,,
716,MV POAVOSA WISDOM III,MV POAVOSA WISDOM III_[0716],,,
717,NTC AGILA,NTC AGILA_[0717],,,
718,CLIO SPIRIT,CLIO SPIRIT_[0718],,,
719,MV HE CHANG,MV HE CHANG_[0719],,,
720,MV DIAMOND HARBOUR,MV DIAMOND HARBOUR_[0720],,,
721,MV YONG SHUN 8,MV YONG SHUN 8_[0721],,,
722,MV HOANG HUY 69,MV HOANG HUY 69_[0722],,,
723,MV PEARL ORIENT,MV PEARL ORIENT_[0723],,,
724,MT JAL SITARA,MT JAL SITARA_[0724],,,
725,MV GIA LONG,MV GIA LONG_[0725],,,
726,MT SHENG HANG FA XIAN,MT SHENG HANG FA XIAN_[0726],,,
727,MV LOWLANDS FIDELITY,MV LOWLANDS FIDELITY_[0727],,,
728,MV DON ALBINO SR,MV DON ALBINO SR_[0728],,,
729,MV MERIDIAN OCHO,MV MERIDIAN OCHO_[0729],,,
730,MV CEMTEX INNOVATION,MV CEMTEX INNOVATION_[0730],,,
731,VTV SKY,VTV SKY_[0731],,,
732,MV AEPOS,MV AEPOS_[0732],,,
733,BTC MOUNT SAMAT,BTC MOUNT SAMAT_[0733],,,
734,MT MALAWIG,MT MALAWIG_[0734],,,
735,CORESKY OL,CORESKY OL_[0735],,,
736,LPG SHION,LPG SHION_[0736],,,
737,MT CES,MT CES_[0737],,,
738,MV GRACE,MV GRACE_[0738],,,
739,MT FOREVER BRILLIANCY,MT FOREVER BRILLIANCY_[0739],,,
740,MT XIU CHI,MT XIU CHI_[0740],,,
741,MT PRATINCOLE PACIFIC,MT PRATINCOLE PACIFIC_[0741],,,
742,MT SILVER ELLIE,MT SILVER ELLIE_[0742],,,
743,MV GATE GOLD,MV GATE GOLD_[0743],,,
744,MT PETROLIMEX 16,MT PETROLIMEX 16_[0744],,,
745,MT PACIFIC JET,MT PACIFIC JET_[0745],,,
746,MV TRUONG MINH DRAGON,MV TRUONG MINH DRAGON_[0746],,,
747,MT ALL ORIENT 1,MT ALL ORIENT 1_[0747],,,
748,MV WU GU FENG,MV WU GU FENG_[0748],,,
749,JS SHIRANUI,JS SHIRANUI_[0749],,,
750,JS YAMAGIRI,JS YAMAGIRI_[0750],,,
751,MV VINASHIP GOLD,MV VINASHIP GOLD_[0751],,,
752,MV HOANG TRIEU 68,MV HOANG TRIEU 68_[0752],,,
753,MV ROYAL 16,MV ROYAL 16_[0753],,,
754,MV JIN HAI RUN,MV JIN HAI RUN_[0754],,,
755,MV ESPOIR SEVEN,MV ESPOIR SEVEN_[0755],,,
756,MT CSC AUSPICIOUS,MT CSC AUSPICIOUS_[0756],,,
757,MT MARLIN AMETRINE,MT MARLIN AMETRINE_[0757],,,
758,MT CHEMROAD DITA,MT CHEMROAD DITA_[0758],,,
759,MT RUI FU SHENG,MT RUI FU SHENG_[0759],,,
760,MT FOREVER SPLENDOR,MT FOREVER SPLENDOR_[0760],,,
761,MT HAFNIA LOTTE,MT HAFNIA LOTTE_[0761],,,
762,MV VIEN DONG 09,MV VIEN DONG 09_[0762],,,
763,MV DARYA JIYA,MV DARYA JIYA_[0763],,,
764,MV HI CREST,MV HI CREST_[0764],,,
765,LPG/C PURE GRACE,LPG/C PURE GRACE_[0765],,,
766,MV NEWSUN BLUE ,MV NEWSUN BLUE _[0766],,,
767,MV SHANGHAI SPIRIT,MV SHANGHAI SPIRIT_[0767],,,
768,MV PEARL ASIA,MV PEARL ASIA_[0768],,,
769,MT QIAN CHI,MT QIAN CHI_[0769],,,
770,MV SEIN GALAXY,MV SEIN GALAXY_[0770],,,
771,MV ZHON YU 28,MV ZHON YU 28_[0771],,,
772,MT DING HENG 43,MT DING HENG 43_[0772],,,
773,LPG/C SL BISUGO,LPG/C SL BISUGO_[0773],,,
774,SL DIWATA,SL DIWATA_[0774],,,
775,MV TRANS-ASIA 3,MV TRANS-ASIA 3_[0775],,,
776,MV 2GO MALIGAYA,MV 2GO MALIGAYA_[0776],,,
777,MV BAI DE 66,MV BAI DE 66_[0777],,,
778,MV CLIPPER SPEY,MV CLIPPER SPEY_[0778],,,
779,MT ECOMAR GIRONDE ,MT ECOMAR GIRONDE _[0779],,,
780,LCT FUTURE 02,LCT FUTURE 02_[0780],,,
781,MV AN TINH PU,MV AN TINH PU_[0781],,,
782,MV SHI LONG LING,MV SHI LONG LING_[0782],,,
783,MV GREEN PACIFIC,MV GREEN PACIFIC_[0783],,,
784,MV PACIFIC MERIT,MV PACIFIC MERIT_[0784],,,
785,MT JAN CARLO,MT JAN CARLO_[0785],,,
786,MT PIS BALI,MT PIS BALI_[0786],,,
787,MT EBC MARICEL V,MT EBC MARICEL V_[0787],,,
788,MV GREEN WAY,MV GREEN WAY_[0788],,,
789,BUOY,BUOY_[0789],,,
790,MV CROWN GOLD,MV CROWN GOLD_[0790],,,
791,MV SHUN AN,MV SHUN AN_[0791],,,
792,MV HS GLORY,MV HS GLORY_[0792],,,
793,MV ECUADOR,MV ECUADOR_[0793],,,
794,MT RM 9,MT RM 9_[0794],,,
795,MV PALLADA,MV PALLADA_[0795],,,
796,MV VS GLORY,MV VS GLORY_[0796],,,
797,MV JOHN A. ANGELICOUSSIS,MV JOHN A. ANGELICOUSSIS_[0797],,,
798,MT TORM AMALIE,MT TORM AMALIE_[0798],,,
799,MT JBU SAPPHIRE,MT JBU SAPPHIRE_[0799],,,
800,MT YSABEL 100,MT YSABEL 100_[0800],,,
801,MV BAO YUAN LING,MV BAO YUAN LING_[0801],,,
802,MT RIGEL,MT RIGEL_[0802],,,
803,MT HOUYOSHI PARK,MT HOUYOSHI PARK_[0803],,,
804,MT LUCIA SOLIS,MT LUCIA SOLIS_[0804],,,
805,MT PVT NOVA,MT PVT NOVA_[0805],,,
806,MT NORD VALOROUS,MT NORD VALOROUS_[0806],,,
807,MV ARDMORE CHIPPEWA,MV ARDMORE CHIPPEWA_[0807],,,
808,MV JIA AN,MV JIA AN_[0808],,,
809,MV SPAN ASIA 52,MV SPAN ASIA 52_[0809],,,
810,MT HUA CHI,MT HUA CHI_[0810],,,
811,LPG/C HONG JIA,LPG/C HONG JIA_[0811],,,
812,MT JAL SIDDHI,MT JAL SIDDHI_[0812],,,
813,MT MTM NEW YORK,MT MTM NEW YORK_[0813],,,
814,MT HIGH TRADER,MT HIGH TRADER_[0814],,,
815,MT COSTICA,MT COSTICA_[0815],,,
816,MT MASAGANA,MT MASAGANA_[0816],,,
817,MT MAGENTA RAY,MT MAGENTA RAY_[0817],,,
818,MV ROYAL 79,MV ROYAL 79_[0818],,,
819,MT NAVE HINA,MT NAVE HINA_[0819],,,
820,MV EXCELSIOR DIVA,MV EXCELSIOR DIVA_[0820],,,
821,MV KIRRY MANX,MV KIRRY MANX_[0821],,,
822,MV DART TRADER,MV DART TRADER_[0822],,,
823,MV XIANG XIN,MV XIANG XIN_[0823],,,
824,MV FORTITUDE,MV FORTITUDE_[0824],,,
